,0,1
0,1.jpeg,0.2211895910780666
1,2.jpeg,0.3661710037174718
2,3.jpeg,0.4814126394052041
3,4.jpeg,0.40706319702602195
4,5.jpeg,0.2695167286245349
5,6.jpeg,0.15985130111524126
6,7.jpeg,0.13197026022304797
7,8.jpeg,0.13197026022304797
8,9.jpeg,0.13011152416356841
9,10.jpeg,0.1468401486988844
10,11.jpeg,0.17100371747211862
11,12.jpeg,0.17100371747211862
12,13.jpeg,0.21933085501858704
13,14.jpeg,0.3197026022304829
14,15.jpeg,0.41263940520446063
15,16.jpeg,0.4033457249070629
16,17.jpeg,0.3364312267657989
17,18.jpeg,0.47769516728624506
18,19.jpeg,0.5929368029739772
19,20.jpeg,0.4628252788104086
20,21.jpeg,0.4219330855018584
21,22.jpeg,0.46096654275092896
22,23.jpeg,0.3810408921933082
23,24.jpeg,0.24907063197025997
24,25.jpeg,0.18215613382899604
25,26.jpeg,0.22118959107806666
26,27.jpeg,0.2750929368029737
27,28.jpeg,0.2806691449814124
28,29.jpeg,0.23977695167286217
29,30.jpeg,0.19516728624535287
30,31.jpeg,0.1728624535315982
31,32.jpeg,0.13940520446096621
32,33.jpeg,0.12267657992565023
33,34.jpeg,0.12267657992565023
34,35.jpeg,0.06133828996282497
35,36.jpeg,0.06505576208178408
36,37.jpeg,0.13940520446096621
37,38.jpeg,0.17100371747211865
38,39.jpeg,0.1784386617100369
39,40.jpeg,0.27881040892193276
40,41.jpeg,0.4479553903345722
41,42.jpeg,0.3810408921933082
42,43.jpeg,0.2416356877323417
43,44.jpeg,0.27137546468401463
44,45.jpeg,0.3568773234200741
45,46.jpeg,0.38289962825278784
46,47.jpeg,0.31970260223048297
47,48.jpeg,0.2750929368029737
48,49.jpeg,0.2843866171003715
49,50.jpeg,0.2546468401486986
50,51.jpeg,0.1858736059479551
51,52.jpeg,0.1579925650557618
52,53.jpeg,0.18401486988847554
53,54.jpeg,0.15985130111524137
54,55.jpeg,0.14684014869888448
55,56.jpeg,0.1747211895910778
56,57.jpeg,0.18401486988847557
57,58.jpeg,0.16542750929368003
58,59.jpeg,0.15613382899628225
59,60.jpeg,0.08736059479553879
60,61.jpeg,0.08736059479553879
61,62.jpeg,0.19702602230483246
62,63.jpeg,0.2676579925650555
63,64.jpeg,0.3624535315985127
64,65.jpeg,0.4219330855018584
65,66.jpeg,0.4795539033457245
66,67.jpeg,0.2620817843866168
67,68.jpeg,0.22676579925650522
68,69.jpeg,0.46096654275092896
69,70.jpeg,0.3531598513011149
70,71.jpeg,0.2509293680297394
71,72.jpeg,0.2713754646840144
72,73.jpeg,0.22676579925650517
73,74.jpeg,0.1728624535315981
74,75.jpeg,0.1728624535315981
75,76.jpeg,0.1654275092936799
76,77.jpeg,0.1394052044609661
77,78.jpeg,0.1728624535315981
78,79.jpeg,0.19144981412639364
79,80.jpeg,0.169144981412639
80,81.jpeg,0.16542750929367991
81,82.jpeg,0.1486988847583639
82,83.jpeg,0.17100371747211857
83,84.jpeg,0.1970260223048323
84,85.jpeg,0.21561338289962778
85,86.jpeg,0.22304832713754597
86,87.jpeg,0.27695167286245304
87,88.jpeg,0.17100371747211845
88,89.jpeg,0.2211895910780664
89,90.jpeg,0.4052044609665422
90,91.jpeg,0.4182156133828992
91,92.jpeg,0.5185873605947952
92,93.jpeg,0.47026022304832676
93,94.jpeg,0.31784386617100335
94,95.jpeg,0.23234200743494393
95,96.jpeg,0.18029739776951645
96,97.jpeg,0.17657992565055736
97,98.jpeg,0.1858736059479551
98,99.jpeg,0.19516728624535287
99,100.jpeg,0.21003717472118932
100,101.jpeg,0.21561338289962798
101,102.jpeg,0.1951672862453529
102,103.jpeg,0.15985130111524137
103,104.jpeg,0.17657992565055736
104,105.jpeg,0.18959107806691422
105,106.jpeg,0.14869888475836407
106,107.jpeg,0.11895910780669122
107,108.jpeg,0.128252788104089
108,109.jpeg,0.17657992565055738
109,110.jpeg,0.2379182156133827
110,111.jpeg,0.3011152416356875
111,112.jpeg,0.34572490706319675
112,113.jpeg,0.3643122676579923
113,114.jpeg,0.40334572490706294
114,115.jpeg,0.40148698884758344
115,116.jpeg,0.2862453531598511
116,117.jpeg,0.20260223048327122
117,118.jpeg,0.18215613382899615
118,119.jpeg,0.14869888475836418
119,120.jpeg,0.13940520446096644
120,121.jpeg,0.13940520446096644
121,122.jpeg,0.16728624535315975
122,123.jpeg,0.19330855018587348
123,124.jpeg,0.1895910780669144
124,125.jpeg,0.19516728624535307
125,126.jpeg,0.17286245353159843
126,127.jpeg,0.13197026022304825
127,128.jpeg,0.12081784386617095
128,129.jpeg,0.1338289962825278
129,130.jpeg,0.1598513011152416
130,131.jpeg,0.15613382899628248
131,132.jpeg,0.20817843866170999
132,133.jpeg,0.24163568773234198
133,134.jpeg,0.2639405204460966
134,135.jpeg,0.520446096654275
135,136.jpeg,0.6933085501858736
136,137.jpeg,0.6617100371747211
137,138.jpeg,0.6821561338289963
138,139.jpeg,0.6431226765799256
139,140.jpeg,0.4442379182156134
140,141.jpeg,0.23420074349442388
141,142.jpeg,0.20074349442379194
142,143.jpeg,0.2118959107806693
143,144.jpeg,0.22118959107806704
144,145.jpeg,0.33457249070631984
145,146.jpeg,0.3234200743494426
146,147.jpeg,0.22304832713754671
147,148.jpeg,0.16914498141263964
148,149.jpeg,0.11524163568773257
149,150.jpeg,0.10408921933085526
150,151.jpeg,0.10966542750929392
151,152.jpeg,0.12825278810408944
152,153.jpeg,0.14126394052044633
153,154.jpeg,0.12453531598513035
154,155.jpeg,0.12453531598513035
155,156.jpeg,0.1579925650557623
156,157.jpeg,0.17843866171003742
157,158.jpeg,0.24349442379182182
158,159.jpeg,0.29368029739776974
159,160.jpeg,0.27323420074349464
160,161.jpeg,0.23234200743494446
161,162.jpeg,0.2546468401486991
162,163.jpeg,0.288104089219331
163,164.jpeg,0.32713754646840165
164,165.jpeg,0.4107806691449815
165,166.jpeg,0.31784386617100385
166,167.jpeg,0.22118959107806702
167,168.jpeg,0.23234200743494435
168,169.jpeg,0.18959107806691458
169,170.jpeg,0.14684014869888487
170,171.jpeg,0.13197026022304842
171,172.jpeg,0.1263940520446098
172,173.jpeg,0.12825278810408933
173,174.jpeg,0.12081784386617112
174,175.jpeg,0.11524163568773245
175,176.jpeg,0.12639405204460977
176,177.jpeg,0.14684014869888487
177,178.jpeg,0.14312267657992578
178,179.jpeg,0.13568773234200754
179,180.jpeg,0.12267657992565066
180,181.jpeg,0.13568773234200754
181,182.jpeg,0.1579925650557622
182,183.jpeg,0.16171003717472132
183,184.jpeg,0.1710037174721191
184,185.jpeg,0.22490706319702616
185,186.jpeg,0.3308550185873607
186,187.jpeg,0.32899628252788116
187,188.jpeg,0.22676579925650572
188,189.jpeg,0.18215613382899642
189,190.jpeg,0.17286245353159868
190,191.jpeg,0.17472118959107824
191,192.jpeg,0.1635687732342009
192,193.jpeg,0.18215613382899645
193,194.jpeg,0.2044609665427511
194,195.jpeg,0.24163568773234217
195,196.jpeg,0.25278810408921953
196,197.jpeg,0.1933085501858738
197,198.jpeg,0.1895910780669147
198,199.jpeg,0.15985130111524185
199,200.jpeg,0.14126394052044627
200,201.jpeg,0.14312267657992583
201,202.jpeg,0.1338289962825281
202,203.jpeg,0.13011152416356897
203,204.jpeg,0.13011152416356897
204,205.jpeg,0.16542750929368052
205,206.jpeg,0.20446096654275117
206,207.jpeg,0.3048327137546471
207,208.jpeg,0.30297397769516754
208,209.jpeg,0.2026022304832716
209,210.jpeg,0.31412639405204484
210,211.jpeg,0.4163568773234203
211,212.jpeg,0.33828996282527907
212,213.jpeg,0.24349442379182187
213,214.jpeg,0.16542750929368064
214,215.jpeg,0.12639405204461002
215,216.jpeg,0.14498141263940556
216,217.jpeg,0.143122676579926
217,218.jpeg,0.12639405204461002
218,219.jpeg,0.13568773234200776
219,220.jpeg,0.1338289962825282
220,221.jpeg,0.12453531598513044
221,222.jpeg,0.12639405204461002
222,223.jpeg,0.1542750929368033
223,224.jpeg,0.1710037174721193
224,225.jpeg,0.15055762081784418
225,226.jpeg,0.12639405204460996
226,227.jpeg,0.12825278810408952
227,228.jpeg,0.12267657992565087
228,229.jpeg,0.13382899628252817
229,230.jpeg,0.1654275092936806
230,231.jpeg,0.18587360594795568
231,232.jpeg,0.29553903345724936
232,233.jpeg,0.3736059479553906
233,234.jpeg,0.28810408921933106
234,235.jpeg,0.24349442379182176
235,236.jpeg,0.21561338289962845
236,237.jpeg,0.200743494423792
237,238.jpeg,0.21375464684014886
238,239.jpeg,0.21561338289962842
239,240.jpeg,0.24721189591078083
240,241.jpeg,0.22304832713754663
241,242.jpeg,0.18029739776951692
242,243.jpeg,0.15985130111524182
243,244.jpeg,0.17286245353159868
244,245.jpeg,0.17286245353159868
245,246.jpeg,0.15799256505576226
246,247.jpeg,0.13940520446096674
247,248.jpeg,0.1208178438661712
248,249.jpeg,0.11338289962825299
249,250.jpeg,0.1003717472118961
250,251.jpeg,0.11338289962825296
251,252.jpeg,0.17843866171003733
252,253.jpeg,0.2249070631970262
253,254.jpeg,0.26951672862453546
254,255.jpeg,0.3401486988847585
255,256.jpeg,0.3605947955390336
256,257.jpeg,0.3736059479553906
257,258.jpeg,0.4200743494423794
258,259.jpeg,0.4070631970260225
259,260.jpeg,0.3605947955390336
260,261.jpeg,0.35315985130111543
261,262.jpeg,0.371747211895911
262,263.jpeg,0.3011152416356879
263,264.jpeg,0.18215613382899654
264,265.jpeg,0.15985130111524187
265,266.jpeg,0.14869888475836457
266,267.jpeg,0.13197026022304859
267,268.jpeg,0.1282527881040895
268,269.jpeg,0.13011152416356905
269,270.jpeg,0.1617100371747215
270,271.jpeg,0.1765799256505579
271,272.jpeg,0.1728624535315988
272,273.jpeg,0.18029739776951703
273,274.jpeg,0.1765799256505579
274,275.jpeg,0.1691449814126397
275,276.jpeg,0.15985130111524193
276,277.jpeg,0.17843866171003747
277,278.jpeg,0.23605947955390366
278,279.jpeg,0.29182156133829024
279,280.jpeg,0.2973977695167289
280,281.jpeg,0.3029739776951676
281,282.jpeg,0.36802973977695197
282,283.jpeg,0.47026022304832743
283,284.jpeg,0.5278810408921937
284,285.jpeg,0.5613382899628256
285,286.jpeg,0.4405204460966545
286,287.jpeg,0.21561338289962856
287,288.jpeg,0.15241635687732374
288,289.jpeg,0.13754646840148732
289,290.jpeg,0.12825278810408955
290,291.jpeg,0.1412639405204464
291,292.jpeg,0.15613382899628286
292,293.jpeg,0.143122676579926
293,294.jpeg,0.12825278810408958
294,295.jpeg,0.13754646840148732
295,296.jpeg,0.16171003717472154
296,297.jpeg,0.18587360594795577
297,298.jpeg,0.176579925650558
298,299.jpeg,0.14684014869888515
299,300.jpeg,0.12267657992565097
300,301.jpeg,0.1654275092936807
301,302.jpeg,0.2249070631970264
302,303.jpeg,0.193308550185874
303,304.jpeg,0.17843866171003758
304,305.jpeg,0.2453531598513015
305,306.jpeg,0.347583643122677
306,307.jpeg,0.38289962825278845
307,308.jpeg,0.3531598513011156
308,309.jpeg,0.4479553903345729
309,310.jpeg,0.5446096654275097
310,311.jpeg,0.4070631970260227
311,312.jpeg,0.22862453531598564
312,313.jpeg,0.1579925650557626
313,314.jpeg,0.12825278810408974
314,315.jpeg,0.12081784386617152
315,316.jpeg,0.1096654275092942
316,317.jpeg,0.12081784386617152
317,318.jpeg,0.13382899628252837
318,319.jpeg,0.13568773234200793
319,320.jpeg,0.14312267657992614
320,321.jpeg,0.11895910780669196
321,322.jpeg,0.09851301115241685
322,323.jpeg,0.1412639405204466
323,324.jpeg,0.17843866171003767
324,325.jpeg,0.20446096654275142
325,326.jpeg,0.28066914498141315
326,327.jpeg,0.3252788104089224
327,328.jpeg,0.3513011152416362
328,329.jpeg,0.34386617100371797
329,330.jpeg,0.34572490706319753
330,331.jpeg,0.37174721189591126
331,332.jpeg,0.3624535315985135
332,333.jpeg,0.35687732342007483
333,334.jpeg,0.243494423791822
334,335.jpeg,0.172862453531599
335,336.jpeg,0.17843866171003767
336,337.jpeg,0.1412639405204466
337,338.jpeg,0.12453531598513061
338,339.jpeg,0.156133828996283
339,340.jpeg,0.1765799256505581
340,341.jpeg,0.16728624535316036
341,342.jpeg,0.18401486988847635
342,343.jpeg,0.18773234200743544
343,344.jpeg,0.17657992565055813
344,345.jpeg,0.16542750929368083
345,346.jpeg,0.19144981412639456
346,347.jpeg,0.22862453531598564
347,348.jpeg,0.23977695167286295
348,349.jpeg,0.25836431226765855
349,350.jpeg,0.2843866171003723
350,351.jpeg,0.23977695167286298
351,352.jpeg,0.2026022304832719
352,353.jpeg,0.2695167286245358
353,354.jpeg,0.32342007434944287
354,355.jpeg,0.3364312267657998
355,356.jpeg,0.27881040892193354
356,357.jpeg,0.21189591078066966
357,358.jpeg,0.17657992565055813
358,359.jpeg,0.16171003717472168
359,360.jpeg,0.1579925650557626
360,361.jpeg,0.13011152416356925
361,362.jpeg,0.1319702602230488
362,363.jpeg,0.13382899628252837
363,364.jpeg,0.13011152416356925
364,365.jpeg,0.1486988847583648
365,366.jpeg,0.1672862453531603
366,367.jpeg,0.16356877323420121
367,368.jpeg,0.15055762081784432
368,369.jpeg,0.14126394052044655
369,370.jpeg,0.1319702602230488
370,371.jpeg,0.11338289962825326
371,372.jpeg,0.1635687732342012
372,373.jpeg,0.22304832713754694
373,374.jpeg,0.2509293680297403
374,375.jpeg,0.31970260223048375
375,376.jpeg,0.35687732342007483
376,377.jpeg,0.39219330855018636
377,378.jpeg,0.4033457249070637
378,379.jpeg,0.3364312267657998
379,380.jpeg,0.26394052044609717
380,381.jpeg,0.25650557620817893
381,382.jpeg,0.23977695167286295
382,383.jpeg,0.22676579925650608
383,384.jpeg,0.2137546468401492
384,385.jpeg,0.1486988847583648
385,386.jpeg,0.1208178438661715
386,387.jpeg,0.13011152416356925
387,388.jpeg,0.1877323420074354
388,389.jpeg,0.2230483271375469
389,390.jpeg,0.17657992565055805
390,391.jpeg,0.139405204460967
391,392.jpeg,0.12453531598513054
392,393.jpeg,0.11524163568773277
393,394.jpeg,0.11152416356877368
394,395.jpeg,0.10594795539033501
395,396.jpeg,0.11338289962825322
396,397.jpeg,0.15613382899628298
397,398.jpeg,0.17843866171003758
398,399.jpeg,0.2063197026022309
399,400.jpeg,0.3866171003717476
400,401.jpeg,0.5483271375464687
401,402.jpeg,0.5408921933085507
402,403.jpeg,0.5501858736059484
403,404.jpeg,0.6152416356877328
404,405.jpeg,0.5836431226765804
405,406.jpeg,0.47955390334572523
406,407.jpeg,0.3940520446096658
407,408.jpeg,0.31598513011152457
408,409.jpeg,0.3271375464684019
409,410.jpeg,0.2825278810408926
410,411.jpeg,0.1784386617100376
411,412.jpeg,0.16914498141263984
412,413.jpeg,0.16914498141263984
413,414.jpeg,0.15613382899628298
414,415.jpeg,0.1282527881040897
415,416.jpeg,0.11524163568773281
416,417.jpeg,0.12453531598513058
417,418.jpeg,0.13382899628252834
418,419.jpeg,0.15427509293680342
419,420.jpeg,0.1951672862453536
420,421.jpeg,0.2565055762081789
421,422.jpeg,0.28252788104089266
422,423.jpeg,0.28252788104089266
423,424.jpeg,0.5092936802973982
424,425.jpeg,0.7769516728624539
425,426.jpeg,0.8475836431226769
426,427.jpeg,0.8568773234200746
427,428.jpeg,0.7881040892193312
428,429.jpeg,0.6542750929368033
429,430.jpeg,0.5687732342007437
430,431.jpeg,0.45353159851301134
431,432.jpeg,0.2583643122676582
432,433.jpeg,0.1858736059479556
433,434.jpeg,0.20446096654275114
434,435.jpeg,0.16728624535316006
435,436.jpeg,0.1449814126394054
436,437.jpeg,0.16914498141263962
437,438.jpeg,0.1449814126394054
438,439.jpeg,0.10966542750929388
439,440.jpeg,0.14869888475836449
440,441.jpeg,0.16171003717472135
441,442.jpeg,0.13382899628252803
442,443.jpeg,0.12267657992565073
443,444.jpeg,0.12081784386617118
444,445.jpeg,0.13940520446096671
445,446.jpeg,0.07434944237918234
446,447.jpeg,2.0122792321330962e-16
447,448.jpeg,2.0122792321330962e-16
448,449.jpeg,2.0122792321330962e-16
449,450.jpeg,2.0122792321330962e-16
450,451.jpeg,0.1635687732342009
451,452.jpeg,0.392193308550186
452,453.jpeg,0.4386617100371749
453,454.jpeg,0.34758364312267676
454,455.jpeg,0.3215613382899631
455,456.jpeg,0.3364312267657995
456,457.jpeg,0.26579925650557645
457,458.jpeg,0.19144981412639436
458,459.jpeg,0.13568773234200776
459,460.jpeg,0.13197026022304864
460,461.jpeg,0.16171003717472152
461,462.jpeg,0.15613382899628286
462,463.jpeg,0.12825278810408955
463,464.jpeg,0.13197026022304864
464,465.jpeg,0.16356877323420105
465,466.jpeg,0.15427509293680325
466,467.jpeg,0.17657992565055788
467,468.jpeg,0.2026022304832716
468,469.jpeg,0.1672862453531601
469,470.jpeg,0.1914498141263943
470,471.jpeg,0.2750929368029742
471,472.jpeg,0.3234200743494426
472,473.jpeg,0.32342007434944264
473,474.jpeg,0.35130111524163593
474,475.jpeg,0.3252788104089222
475,476.jpeg,0.2657992565055765
476,477.jpeg,0.23977695167286273
477,478.jpeg,0.23977695167286273
478,479.jpeg,0.22304832713754674
479,480.jpeg,0.17657992565055788
480,481.jpeg,0.18215613382899654
481,482.jpeg,0.22490706319702627
482,483.jpeg,0.25836431226765827
483,484.jpeg,0.25836431226765827
484,485.jpeg,0.2174721189591081
485,486.jpeg,0.17286245353159882
486,487.jpeg,0.15613382899628286
487,488.jpeg,0.13197026022304864
488,489.jpeg,0.12081784386617132
489,490.jpeg,0.13382899628252817
490,491.jpeg,0.14684014869888504
491,492.jpeg,0.1524163568773237
492,493.jpeg,0.17843866171003747
493,494.jpeg,0.2211895910780672
494,495.jpeg,0.26765799256505607
495,496.jpeg,0.34758364312267687
496,497.jpeg,0.34386617100371775
497,498.jpeg,0.3289962825278814
498,499.jpeg,0.33643122676579956
499,500.jpeg,0.3364312267657996
500,501.jpeg,0.5483271375464689
501,502.jpeg,0.6412639405204466
502,503.jpeg,0.451672862453532
503,504.jpeg,0.34200743494423835
504,505.jpeg,0.30483271375464727
505,506.jpeg,0.26208178438661756
506,507.jpeg,0.327137546468402
507,508.jpeg,0.36988847583643175
508,509.jpeg,0.26208178438661756
509,510.jpeg,0.18215613382899679
510,511.jpeg,0.15613382899628303
511,512.jpeg,0.15427509293680347
512,513.jpeg,0.1654275092936808
513,514.jpeg,0.17843866171003767
514,515.jpeg,0.17657992565055813
515,516.jpeg,0.1468401486988853
516,517.jpeg,0.19516728624535365
517,518.jpeg,0.22490706319702655
518,519.jpeg,0.22490706319702655
519,520.jpeg,0.23420074349442432
520,521.jpeg,0.2527881040892198
521,522.jpeg,0.24907063197026075
522,523.jpeg,0.2081784386617105
523,524.jpeg,0.2527881040892198
524,525.jpeg,0.29368029739776996
525,526.jpeg,0.2657992565055767
526,527.jpeg,0.20817843866171046
527,528.jpeg,0.15613382899628295
528,529.jpeg,0.1579925650557625
529,530.jpeg,0.18401486988847623
530,531.jpeg,0.15985130111524204
531,532.jpeg,0.14126394052044655
532,533.jpeg,0.15799256505576253
533,534.jpeg,0.14126394052044655
534,535.jpeg,0.1301115241635692
535,536.jpeg,0.13197026022304875
536,537.jpeg,0.12825278810408963
537,538.jpeg,0.1171003717472123
538,539.jpeg,0.14684014869888518
539,540.jpeg,0.21189591078066955
540,541.jpeg,0.21189591078066955
541,542.jpeg,0.1691449814126398
542,543.jpeg,0.18029739776951714
543,544.jpeg,0.2955390334572494
544,545.jpeg,0.5204460966542753
545,546.jpeg,0.5018587360594797
546,547.jpeg,0.29739776951672886
547,548.jpeg,0.28438661710037194
548,549.jpeg,0.2713754646840151
549,550.jpeg,0.2137546468401489
550,551.jpeg,0.19144981412639422
551,552.jpeg,0.16728624535316003
552,553.jpeg,0.1449814126394054
553,554.jpeg,0.15055762081784407
554,555.jpeg,0.18587360594795557
555,556.jpeg,0.184014869888476
556,557.jpeg,0.1356877323420076
557,558.jpeg,0.11710037174721208
558,559.jpeg,0.1319702602230485
559,560.jpeg,0.1282527881040894
560,561.jpeg,0.10594795539033475
561,562.jpeg,0.1356877323420076
562,563.jpeg,0.15427509293680314
563,564.jpeg,0.15985130111524182
564,565.jpeg,0.20631970260223068
565,566.jpeg,0.26394052044609684
566,567.jpeg,0.33457249070631984
567,568.jpeg,0.3550185873605949
568,569.jpeg,0.3550185873605949
569,570.jpeg,0.44981412639405216
570,571.jpeg,0.5
571,572.jpeg,0.35687732342007444
572,573.jpeg,0.2174721189591079
573,574.jpeg,0.17843866171003728
574,575.jpeg,0.17100371747211904
575,576.jpeg,0.19144981412639414
576,577.jpeg,0.17657992565055772
577,578.jpeg,0.16728624535315997
578,579.jpeg,0.1802973977695168
579,580.jpeg,0.15985130111524173
580,581.jpeg,0.16356877323420085
581,582.jpeg,0.1654275092936804
582,583.jpeg,0.18029739776951687
583,584.jpeg,0.17286245353159863
584,585.jpeg,0.13382899628252798
585,586.jpeg,0.1579925650557622
586,587.jpeg,0.17843866171003728
587,588.jpeg,0.1728624535315986
588,589.jpeg,0.16914498141263948
589,590.jpeg,0.24163568773234206
590,591.jpeg,0.3345724907063198
591,592.jpeg,0.3271375464684016
592,593.jpeg,0.3513011152416358
593,594.jpeg,0.39962825278810415
594,595.jpeg,0.36802973977695175
595,596.jpeg,0.3289962825278811
596,597.jpeg,0.2936802973977696
597,598.jpeg,0.23977695167286256
598,599.jpeg,0.2118959107806693
599,600.jpeg,0.1710037174721191
600,601.jpeg,0.14498141263940534
601,602.jpeg,0.13754646840148715
602,603.jpeg,0.13011152416356894
603,604.jpeg,0.14498141263940537
604,605.jpeg,0.12825278810408935
605,606.jpeg,0.11710037174721206
606,607.jpeg,0.12453531598513028
607,608.jpeg,0.11895910780669162
608,609.jpeg,0.1040892193308552
609,610.jpeg,0.10594795539033476
610,611.jpeg,0.11152416356877341
611,612.jpeg,0.1319702602230485
612,613.jpeg,0.15985130111524182
613,614.jpeg,0.19888475836431244
614,615.jpeg,0.2769516728624537
615,616.jpeg,0.25464684014869904
616,617.jpeg,0.184014869888476
617,618.jpeg,0.23234200743494443
618,619.jpeg,0.2323420074349444
619,620.jpeg,0.184014869888476
620,621.jpeg,0.19330855018587376
621,622.jpeg,0.1468401486988849
622,623.jpeg,0.12453531598513026
623,624.jpeg,0.1635687732342009
624,625.jpeg,0.15799256505576223
625,626.jpeg,0.12267657992565072
626,627.jpeg,0.10594795539033473
627,628.jpeg,0.10780669144981428
628,629.jpeg,0.12081784386617116
629,630.jpeg,0.12081784386617116
630,631.jpeg,0.11710037174721206
631,632.jpeg,0.12453531598513028
632,633.jpeg,0.13011152416356897
633,634.jpeg,0.13940520446096671
634,635.jpeg,0.1282527881040894
635,636.jpeg,0.13382899628252806
636,637.jpeg,0.17657992565055783
637,638.jpeg,0.217472118959108
638,639.jpeg,0.31040892193308567
639,640.jpeg,0.3810408921933087
640,641.jpeg,0.3308550185873607
641,642.jpeg,0.29553903345724925
642,643.jpeg,0.26579925650557634
643,644.jpeg,0.2546468401486991
644,645.jpeg,0.31412639405204484
645,646.jpeg,0.3104089219330857
646,647.jpeg,0.3159851301115244
647,648.jpeg,0.2806691449814128
648,649.jpeg,0.16914498141263964
649,650.jpeg,0.14684014869888498
650,651.jpeg,0.1505576208178441
651,652.jpeg,0.13382899628252815
652,653.jpeg,0.12825278810408947
653,654.jpeg,0.12825278810408947
654,655.jpeg,0.15427509293680325
655,656.jpeg,0.15427509293680325
656,657.jpeg,0.13197026022304859
657,658.jpeg,0.1431226765799259
658,659.jpeg,0.14498141263940545
659,660.jpeg,0.1505576208178441
660,661.jpeg,0.1970260223048329
661,662.jpeg,0.21375464684014886
662,663.jpeg,0.22118959107806704
663,664.jpeg,0.30111524163568787
664,665.jpeg,0.38661710037174735
665,666.jpeg,0.41078066914498157
666,667.jpeg,0.3717472118959109
667,668.jpeg,0.40334572490706333
668,669.jpeg,0.39405204460966553
669,670.jpeg,0.24907063197026036
670,671.jpeg,0.17657992565055777
671,672.jpeg,0.18773234200743508
672,673.jpeg,0.16356877323420088
673,674.jpeg,0.1356877323420076
674,675.jpeg,0.13382899628252803
675,676.jpeg,0.1356877323420076
676,677.jpeg,0.14684014869888487
677,678.jpeg,0.13940520446096666
678,679.jpeg,0.14684014869888487
679,680.jpeg,0.19888475836431235
680,681.jpeg,0.2063197026022306
681,682.jpeg,0.17100371747211907
682,683.jpeg,0.17286245353159863
683,684.jpeg,0.20260223048327147
684,685.jpeg,0.254646840148699
685,686.jpeg,0.2955390334572492
686,687.jpeg,0.3029739776951674
687,688.jpeg,0.30855018587360605
688,689.jpeg,0.36802973977695186
689,690.jpeg,0.4832713754646841
690,691.jpeg,0.5390334572490707
691,692.jpeg,0.4330855018587363
692,693.jpeg,0.36431226765799274
693,694.jpeg,0.3605947955390336
694,695.jpeg,0.3643122676579928
695,696.jpeg,0.33457249070631995
696,697.jpeg,0.22118959107806713
697,698.jpeg,0.21747211895910804
698,699.jpeg,0.2193308550185876
699,700.jpeg,0.16914498141263967
700,701.jpeg,0.13940520446096683
701,702.jpeg,0.15427509293680325
702,703.jpeg,0.17472118959107832
703,704.jpeg,0.14684014869888504
704,705.jpeg,0.14126394052044638
705,706.jpeg,0.15241635687732372
706,707.jpeg,0.14869888475836462
707,708.jpeg,0.14869888475836462
708,709.jpeg,0.15799256505576237
709,710.jpeg,0.20631970260223076
710,711.jpeg,0.26208178438661733
711,712.jpeg,0.3048327137546471
712,713.jpeg,0.34758364312267676
713,714.jpeg,0.4014869888475839
714,715.jpeg,0.37918215613382916
715,716.jpeg,0.30483271375464704
716,717.jpeg,0.2750929368029742
717,718.jpeg,0.3159851301115244
718,719.jpeg,0.28252788104089244
719,720.jpeg,0.18587360594795563
720,721.jpeg,0.15613382899628278
721,722.jpeg,0.15427509293680325
722,723.jpeg,0.17843866171003742
723,724.jpeg,0.19330855018587384
724,725.jpeg,0.1840148698884761
725,726.jpeg,0.14126394052044636
726,727.jpeg,0.1561338289962828
727,728.jpeg,0.15799256505576237
728,729.jpeg,0.13382899628252817
729,730.jpeg,0.13382899628252817
730,731.jpeg,0.13568773234200776
731,732.jpeg,0.15613382899628286
732,733.jpeg,0.22118959107806718
733,734.jpeg,0.2936802973977698
734,735.jpeg,0.31412639405204484
735,736.jpeg,0.32342007434944264
736,737.jpeg,0.3401486988847587
737,738.jpeg,0.3308550185873609
738,739.jpeg,0.3104089219330858
739,740.jpeg,0.43680297397769546
740,741.jpeg,0.4684014869888479
741,742.jpeg,0.34386617100371775
742,743.jpeg,0.301115241635688
743,744.jpeg,0.23791821561338317
744,745.jpeg,0.17843866171003747
745,746.jpeg,0.22676579925650586
746,747.jpeg,0.2546468401486992
747,748.jpeg,0.21003717472118985
748,749.jpeg,0.18959107806691475
749,750.jpeg,0.18029739776951698
750,751.jpeg,0.1710037174721192
751,752.jpeg,0.13754646840148724
752,753.jpeg,0.13197026022304859
753,754.jpeg,0.1356877323420077
754,755.jpeg,0.13011152416356903
755,756.jpeg,0.1431226765799259
756,757.jpeg,0.20631970260223076
757,758.jpeg,0.2490706319702605
758,759.jpeg,0.2527881040892196
759,760.jpeg,0.31598513011152446
760,761.jpeg,0.32342007434944264
761,762.jpeg,0.28624535315985156
762,763.jpeg,0.33643122676579956
763,764.jpeg,0.368029739776952
764,765.jpeg,0.401486988847584
765,766.jpeg,0.42007434944237954
766,767.jpeg,0.3122676579925654
767,768.jpeg,0.20817843866171043
768,769.jpeg,0.1654275092936807
769,770.jpeg,0.1486988847583647
770,771.jpeg,0.15055762081784427
771,772.jpeg,0.1412639405204465
772,773.jpeg,0.12825278810408963
773,774.jpeg,0.1412639405204465
774,775.jpeg,0.1412639405204465
775,776.jpeg,0.13197026022304875
776,777.jpeg,0.13568773234200784
777,778.jpeg,0.16542750929368072
778,779.jpeg,0.16728624535316028
779,780.jpeg,0.14684014869888518
780,781.jpeg,0.1412639405204465
781,782.jpeg,0.15799256505576248
782,783.jpeg,0.2249070631970264
783,784.jpeg,0.28066914498141304
784,785.jpeg,0.36988847583643153
785,786.jpeg,0.4869888475836434
786,787.jpeg,0.3866171003717475
787,788.jpeg,0.2565055762081787
788,789.jpeg,0.2211895910780672
789,790.jpeg,0.18215613382899662
790,791.jpeg,0.23234200743494457
791,792.jpeg,0.22304832713754683
792,793.jpeg,0.14684014869888512
793,794.jpeg,0.15985130111524204
794,795.jpeg,0.18959107806691486
795,796.jpeg,0.15985130111524198
796,797.jpeg,0.16542750929368066
797,798.jpeg,0.17286245353159888
798,799.jpeg,0.15613382899628292
799,800.jpeg,0.1672862453531602
800,801.jpeg,0.17472118959107844
801,802.jpeg,0.19702602230483304
802,803.jpeg,0.18401486988847618
803,804.jpeg,0.17286245353159888
804,805.jpeg,0.19702602230483307
805,806.jpeg,0.21375464684014903
806,807.jpeg,0.26022304832713794
807,808.jpeg,0.33643122676579956
808,809.jpeg,0.3773234200743498
809,810.jpeg,0.4442379182156137
810,811.jpeg,0.47583643122676617
811,812.jpeg,0.33457249070632006
812,813.jpeg,0.2137546468401491
813,814.jpeg,0.15799256505576248
814,815.jpeg,0.17657992565055802
815,816.jpeg,0.2379182156133833
816,817.jpeg,0.22304832713754685
817,818.jpeg,0.18215613382899667
818,819.jpeg,0.17843866171003758
819,820.jpeg,0.17657992565055802
820,821.jpeg,0.16356877323420116
821,822.jpeg,0.15799256505576248
822,823.jpeg,0.15055762081784427
823,824.jpeg,0.1375464684014874
824,825.jpeg,0.1338289962825283
825,826.jpeg,0.14126394052044655
826,827.jpeg,0.1635687732342012
827,828.jpeg,0.16542750929368072
828,829.jpeg,0.193308550185874
829,830.jpeg,0.23977695167286286
830,831.jpeg,0.29739776951672897
831,832.jpeg,0.3977695167286249
832,833.jpeg,0.5223048327137549
833,834.jpeg,0.5855018587360596
834,835.jpeg,0.5650557620817844
835,836.jpeg,0.46840148698884765
836,837.jpeg,0.3215613382899629
837,838.jpeg,0.23234200743494435
838,839.jpeg,0.24163568773234212
839,840.jpeg,0.23977695167286253
840,841.jpeg,0.21189591078066922
841,842.jpeg,0.22304832713754655
842,843.jpeg,0.19888475836431235
843,844.jpeg,0.18773234200743502
844,845.jpeg,0.16171003717472127
845,846.jpeg,0.15055762081784393
846,847.jpeg,0.1394052044609666
847,848.jpeg,0.1282527881040893
848,849.jpeg,0.1486988847583644
849,850.jpeg,0.15241635687732347
850,851.jpeg,0.19144981412639414
851,852.jpeg,0.1802973977695168
852,853.jpeg,0.12825278810408933
853,854.jpeg,0.15241635687732352
854,855.jpeg,0.19702602230483282
855,856.jpeg,0.254646840148699
856,857.jpeg,0.31784386617100374
857,858.jpeg,0.3531598513011153
858,859.jpeg,0.4219330855018588
859,860.jpeg,0.5427509293680297
860,861.jpeg,0.5650557620817844
861,862.jpeg,0.3959107806691451
862,863.jpeg,0.2527881040892195
863,864.jpeg,0.28624535315985145
864,865.jpeg,0.32899628252788116
865,866.jpeg,0.2750929368029741
866,867.jpeg,0.19144981412639417
867,868.jpeg,0.15799256505576223
868,869.jpeg,0.13940520446096671
869,870.jpeg,0.13382899628252806
870,871.jpeg,0.13940520446096671
871,872.jpeg,0.14312267657992583
872,873.jpeg,0.14498141263940537
873,874.jpeg,0.14126394052044625
874,875.jpeg,0.15055762081784402
875,876.jpeg,0.16914498141263956
876,877.jpeg,0.2044609665427511
877,878.jpeg,0.23048327137546484
878,879.jpeg,0.22676579925650572
879,880.jpeg,0.26022304832713766
880,881.jpeg,0.46096654275092946
881,882.jpeg,0.6449814126394051
882,883.jpeg,0.6895910780669143
883,884.jpeg,0.5817843866171004
884,885.jpeg,0.40148698884758377
885,886.jpeg,0.2695167286245354
886,887.jpeg,0.20631970260223054
887,888.jpeg,0.23605947955390344
888,889.jpeg,0.19702602230483282
889,890.jpeg,0.1449814126394053
890,891.jpeg,0.1579925650557622
891,892.jpeg,0.20817843866171015
892,893.jpeg,0.19144981412639417
893,894.jpeg,0.13197026022304845
894,895.jpeg,0.14126394052044622
895,896.jpeg,0.14498141263940534
896,897.jpeg,0.13568773234200757
897,898.jpeg,0.13568773234200754
898,899.jpeg,0.14126394052044622
899,900.jpeg,0.15985130111524176
900,901.jpeg,0.17472118959107819
901,902.jpeg,0.1858736059479555
902,903.jpeg,0.21933085501858748
903,904.jpeg,0.3011152416356878
904,905.jpeg,0.4107806691449815
905,906.jpeg,0.4423791821561339
906,907.jpeg,0.21189591078066924
907,908.jpeg,0.24163568773234206
908,909.jpeg,0.48327137546468407
909,910.jpeg,0.41263940520446096
910,911.jpeg,0.26765799256505574
911,912.jpeg,0.23420074349442385
912,913.jpeg,0.2788104089219331
913,914.jpeg,0.23605947955390333
914,915.jpeg,0.18029739776951673
915,916.jpeg,0.17657992565055763
916,917.jpeg,0.16728624535315986
917,918.jpeg,0.15613382899628253
918,919.jpeg,0.15613382899628253
919,920.jpeg,0.14684014869888473
920,921.jpeg,0.1431226765799256
921,922.jpeg,0.1840148698884758
922,923.jpeg,0.191449814126394
923,924.jpeg,0.1431226765799256
924,925.jpeg,0.14312267657992564
925,926.jpeg,0.21933085501858732
926,927.jpeg,0.4609665427509293
927,928.jpeg,0.6784386617100371
928,929.jpeg,0.7137546468401488
929,930.jpeg,0.70817843866171
930,931.jpeg,0.758364312267658
931,932.jpeg,0.7955390334572492
932,933.jpeg,0.721189591078067
933,934.jpeg,0.45910780669144996
934,935.jpeg,0.22304832713754663
935,936.jpeg,0.21561338289962845
936,937.jpeg,0.1970260223048329
937,938.jpeg,0.16171003717472138
938,939.jpeg,0.1617100371747214
939,940.jpeg,0.15055762081784407
940,941.jpeg,0.14312267657992586
941,942.jpeg,0.15055762081784407
942,943.jpeg,0.1617100371747214
943,944.jpeg,0.1784386617100374
944,945.jpeg,0.17286245353159874
945,946.jpeg,0.16728624535316008
946,947.jpeg,0.15613382899628278
947,948.jpeg,0.14312267657992592
948,949.jpeg,0.17286245353159876
949,950.jpeg,0.18959107806691472
950,951.jpeg,0.2825278810408924
951,952.jpeg,0.3364312267657994
952,953.jpeg,0.3159851301115243
953,954.jpeg,0.3401486988847585
954,955.jpeg,0.288104089219331
955,956.jpeg,0.2602230483271377
956,957.jpeg,0.25092936802974
957,958.jpeg,0.234200743494424
958,959.jpeg,0.24907063197026041
959,960.jpeg,0.2434944237918218
960,961.jpeg,0.2304832713754649
961,962.jpeg,0.20074349442379205
962,963.jpeg,0.16728624535316008
963,964.jpeg,0.14684014869888498
964,965.jpeg,0.1431226765799259
965,966.jpeg,0.1431226765799259
966,967.jpeg,0.17286245353159874
967,968.jpeg,0.18029739776951695
968,969.jpeg,0.13940520446096677
969,970.jpeg,0.1542750929368032
970,971.jpeg,0.18587360594795557
971,972.jpeg,0.18215613382899648
972,973.jpeg,0.1895910780669147
973,974.jpeg,0.17657992565055783
974,975.jpeg,0.1970260223048329
975,976.jpeg,0.3457249070631972
976,977.jpeg,0.46654275092936826
977,978.jpeg,0.5185873605947957
978,979.jpeg,0.5000000000000002
979,980.jpeg,0.4776951672862456
980,981.jpeg,0.5353159851301118
981,982.jpeg,0.4609665427509297
982,983.jpeg,0.3568773234200747
983,984.jpeg,0.2936802973977699
984,985.jpeg,0.20260223048327175
985,986.jpeg,0.16728624535316022
986,987.jpeg,0.15055762081784424
987,988.jpeg,0.13011152416356914
988,989.jpeg,0.11710037174721229
989,990.jpeg,0.12639405204461007
990,991.jpeg,0.15427509293680336
991,992.jpeg,0.14684014869888515
992,993.jpeg,0.1282527881040896
993,994.jpeg,0.12639405204461007
994,995.jpeg,0.13568773234200782
995,996.jpeg,0.16728624535316022
996,997.jpeg,0.22862453531598548
997,998.jpeg,0.2918215613382903
998,999.jpeg,0.31226765799256534
999,1000.jpeg,0.32156133828996314
1000,1001.jpeg,0.3940520446096657
1001,1002.jpeg,0.4200743494423794
1002,1003.jpeg,0.3791821561338293
1003,1004.jpeg,0.4144981412639408
1004,1005.jpeg,0.3605947955390338
1005,1006.jpeg,0.20446096654275123
1006,1007.jpeg,0.1988847583643126
1007,1008.jpeg,0.23420074349442407
1008,1009.jpeg,0.18959107806691478
1009,1010.jpeg,0.15427509293680328
1010,1011.jpeg,0.17843866171003747
1011,1012.jpeg,0.17843866171003747
1012,1013.jpeg,0.16914498141263973
1013,1014.jpeg,0.1654275092936806
1014,1015.jpeg,0.14869888475836462
1015,1016.jpeg,0.15985130111524193
1016,1017.jpeg,0.16356877323420102
1017,1018.jpeg,0.18773234200743522
1018,1019.jpeg,0.20260223048327164
1019,1020.jpeg,0.2249070631970263
1020,1021.jpeg,0.3048327137546471
1021,1022.jpeg,0.37174721189591103
1022,1023.jpeg,0.39219330855018614
1023,1024.jpeg,0.43680297397769535
1024,1025.jpeg,0.5037174721189592
1025,1026.jpeg,0.5427509293680299
1026,1027.jpeg,0.46282527881040914
1027,1028.jpeg,0.41263940520446124
1028,1029.jpeg,0.3494423791821564
1029,1030.jpeg,0.20631970260223081
1030,1031.jpeg,0.15241635687732374
1031,1032.jpeg,0.1710037174721193
1032,1033.jpeg,0.17286245353159882
1033,1034.jpeg,0.13382899628252817
1034,1035.jpeg,0.11895910780669175
1035,1036.jpeg,0.12453531598513042
1036,1037.jpeg,0.12825278810408952
1037,1038.jpeg,0.12639405204460996
1038,1039.jpeg,0.1375464684014873
1039,1040.jpeg,0.12639405204460996
1040,1041.jpeg,0.10966542750929399
1041,1042.jpeg,0.1133828996282531
1042,1043.jpeg,0.11152416356877355
1043,1044.jpeg,0.12453531598513043
1044,1045.jpeg,0.17100371747211926
1045,1046.jpeg,0.2063197026022308
1046,1047.jpeg,0.24349442379182182
1047,1048.jpeg,0.26394052044609684
1048,1049.jpeg,0.24535315985130132
1049,1050.jpeg,0.35315985130111543
1050,1051.jpeg,0.4498141263940522
1051,1052.jpeg,0.4609665427509296
1052,1053.jpeg,0.5037174721189593
1053,1054.jpeg,0.4925650557620819
1054,1055.jpeg,0.4237918215613384
1055,1056.jpeg,0.2620817843866172
1056,1057.jpeg,0.14869888475836446
1057,1058.jpeg,0.13754646840148715
1058,1059.jpeg,0.13754646840148715
1059,1060.jpeg,0.1356877323420076
1060,1061.jpeg,0.11895910780669161
1061,1062.jpeg,0.12267657992565072
1062,1063.jpeg,0.12825278810408935
1063,1064.jpeg,0.12825278810408935
1064,1065.jpeg,0.13011152416356891
1065,1066.jpeg,0.12453531598513026
1066,1067.jpeg,0.15241635687732358
1067,1068.jpeg,0.17657992565055777
1068,1069.jpeg,0.19516728624535334
1069,1070.jpeg,0.24721189591078085
1070,1071.jpeg,0.2583643122676582
1071,1072.jpeg,0.288104089219331
1072,1073.jpeg,0.3289962825278812
1073,1074.jpeg,0.3605947955390336
1074,1075.jpeg,0.3605947955390336
1075,1076.jpeg,0.2732342007434946
1076,1077.jpeg,0.36059479553903356
1077,1078.jpeg,0.49256505576208187
1078,1079.jpeg,0.36245353159851307
1079,1080.jpeg,0.20631970260223062
1080,1081.jpeg,0.15055762081784402
1081,1082.jpeg,0.1356877323420076
1082,1083.jpeg,0.13940520446096671
1083,1084.jpeg,0.13754646840148715
1084,1085.jpeg,0.1449814126394054
1085,1086.jpeg,0.15055762081784407
1086,1087.jpeg,0.14684014869888495
1087,1088.jpeg,0.1728624535315987
1088,1089.jpeg,0.18215613382899648
1089,1090.jpeg,0.19516728624535334
1090,1091.jpeg,0.19516728624535334
1091,1092.jpeg,0.18215613382899648
1092,1093.jpeg,0.2323420074349444
1093,1094.jpeg,0.3085501858736061
1094,1095.jpeg,0.3568773234200745
1095,1096.jpeg,0.3736059479553904
1096,1097.jpeg,0.3996282527881042
1097,1098.jpeg,0.3643122676579927
1098,1099.jpeg,0.15799256505576223
1099,1100.jpeg,1.6653345369377348e-16
1100,1101.jpeg,1.6653345369377348e-16
1101,1102.jpeg,1.6653345369377348e-16
1102,1103.jpeg,1.6653345369377348e-16
1103,1104.jpeg,1.6653345369377348e-16
1104,1105.jpeg,1.6653345369377348e-16
1105,1106.jpeg,1.6653345369377348e-16
1106,1107.jpeg,1.6653345369377348e-16
1107,1108.jpeg,1.6653345369377348e-16
1108,1109.jpeg,1.6653345369377348e-16
1109,1110.jpeg,1.6653345369377348e-16
1110,1111.jpeg,1.6653345369377348e-16
1111,1112.jpeg,1.6653345369377348e-16
1112,1113.jpeg,1.6653345369377348e-16
1113,1114.jpeg,1.6653345369377348e-16
1114,1115.jpeg,1.6653345369377348e-16
1115,1116.jpeg,1.6653345369377348e-16
1116,1117.jpeg,1.6653345369377348e-16
1117,1118.jpeg,1.6653345369377348e-16
1118,1119.jpeg,1.6653345369377348e-16
1119,1120.jpeg,1.6653345369377348e-16
1120,1121.jpeg,1.6653345369377348e-16
1121,1122.jpeg,1.6653345369377348e-16
1122,1123.jpeg,1.6653345369377348e-16
1123,1124.jpeg,1.6653345369377348e-16
1124,1125.jpeg,1.6653345369377348e-16
1125,1126.jpeg,1.6653345369377348e-16
1126,1127.jpeg,1.6653345369377348e-16
1127,1128.jpeg,1.6653345369377348e-16
1128,1129.jpeg,1.6653345369377348e-16
1129,1130.jpeg,1.6653345369377348e-16
1130,1131.jpeg,1.6653345369377348e-16
1131,1132.jpeg,1.6653345369377348e-16
1132,1133.jpeg,1.6653345369377348e-16
1133,1134.jpeg,1.6653345369377348e-16
1134,1135.jpeg,1.6653345369377348e-16
1135,1136.jpeg,1.6653345369377348e-16
1136,1137.jpeg,1.6653345369377348e-16
1137,1138.jpeg,1.6653345369377348e-16
1138,1139.jpeg,1.6653345369377348e-16
1139,1140.jpeg,1.6653345369377348e-16
1140,1141.jpeg,1.6653345369377348e-16
1141,1142.jpeg,1.6653345369377348e-16
1142,1143.jpeg,0.1356877323420076
1143,1144.jpeg,0.3866171003717473
1144,1145.jpeg,0.5111524163568774
1145,1146.jpeg,0.550185873605948
1146,1147.jpeg,0.6022304832713754
1147,1148.jpeg,0.704460966542751
1148,1149.jpeg,0.6431226765799256
1149,1150.jpeg,0.46282527881040897
1150,1151.jpeg,0.34200743494423796
1151,1152.jpeg,0.258364312267658
1152,1153.jpeg,0.23420074349442385
1153,1154.jpeg,0.19702602230483277
1154,1155.jpeg,0.20260223048327144
1155,1156.jpeg,0.19888475836431233
1156,1157.jpeg,0.20446096654275098
1157,1158.jpeg,0.18959107806691453
1158,1159.jpeg,0.1579925650557621
1159,1160.jpeg,0.15985130111524168
1160,1161.jpeg,0.14684014869888481
1161,1162.jpeg,0.15427509293680303
1162,1163.jpeg,0.14684014869888481
1163,1164.jpeg,0.16542750929368036
1164,1165.jpeg,0.21747211895910784
1165,1166.jpeg,0.33271375464684017
1166,1167.jpeg,0.4052044609665427
1167,1168.jpeg,0.3810408921933085
1168,1169.jpeg,0.4014869888475836
1169,1170.jpeg,0.5074349442379182
1170,1171.jpeg,0.5631970260223047
1171,1172.jpeg,0.46282527881040886
1172,1173.jpeg,0.4107806691449813
1173,1174.jpeg,0.46282527881040886
1174,1175.jpeg,0.40148698884758355
1175,1176.jpeg,0.24907063197026014
1176,1177.jpeg,0.1858736059479553
1177,1178.jpeg,0.18029739776951664
1178,1179.jpeg,0.1617100371747211
1179,1180.jpeg,0.141263940520446
1180,1181.jpeg,0.13197026022304825
1181,1182.jpeg,0.14869888475836424
1182,1183.jpeg,0.15241635687732336
1183,1184.jpeg,0.14498141263940512
1184,1185.jpeg,0.15055762081784377
1185,1186.jpeg,0.13754646840148688
1186,1187.jpeg,0.13197026022304825
1187,1188.jpeg,0.15241635687732336
1188,1189.jpeg,0.19516728624535307
1189,1190.jpeg,0.20817843866170993
1190,1191.jpeg,0.22490706319702589
1191,1192.jpeg,0.3884758364312266
1192,1193.jpeg,0.54089219330855
1193,1194.jpeg,0.507434944237918
1194,1195.jpeg,0.46654275092936787
1195,1196.jpeg,0.4014869888475835
1196,1197.jpeg,0.3921933085501857
1197,1198.jpeg,0.33085501858736044
1198,1199.jpeg,0.22676579925650547
1199,1200.jpeg,0.2304832713754646
1200,1201.jpeg,0.2193308550185873
1201,1202.jpeg,0.19702602230483265
1202,1203.jpeg,0.17286245353159843
1203,1204.jpeg,0.15799256505576204
1204,1205.jpeg,0.14126394052044602
1205,1206.jpeg,0.13197026022304825
1206,1207.jpeg,0.1338289962825278
1207,1208.jpeg,0.15613382899628242
1208,1209.jpeg,0.15427509293680286
1209,1210.jpeg,0.13568773234200732
1210,1211.jpeg,0.13197026022304822
1211,1212.jpeg,0.15427509293680286
1212,1213.jpeg,0.23977695167286237
1213,1214.jpeg,0.2657992565055761
1214,1215.jpeg,0.24907063197026016
1215,1216.jpeg,0.29368029739776946
1216,1217.jpeg,0.42193308550185865
1217,1218.jpeg,0.4405204460966542
1218,1219.jpeg,0.2992565055762081
1219,1220.jpeg,0.28438661710037166
1220,1221.jpeg,0.42007434944237904
1221,1222.jpeg,0.4442379182156132
1222,1223.jpeg,0.3011152416356876
1223,1224.jpeg,0.2211895910780668
1224,1225.jpeg,0.21189591078066902
1225,1226.jpeg,0.20817843866170993
1226,1227.jpeg,0.1877323420074348
1227,1228.jpeg,0.17843866171003706
1228,1229.jpeg,0.1654275092936802
1229,1230.jpeg,0.14684014869888465
1230,1231.jpeg,0.13568773234200732
1231,1232.jpeg,0.1301115241635687
1232,1233.jpeg,0.1375464684014869
1233,1234.jpeg,0.1617100371747211
1234,1235.jpeg,0.19702602230483265
1235,1236.jpeg,0.18773234200743488
1236,1237.jpeg,0.19702602230483265
1237,1238.jpeg,0.2379182156133828
1238,1239.jpeg,0.2565055762081784
1239,1240.jpeg,0.32527881040892187
1240,1241.jpeg,0.3736059479553903
1241,1242.jpeg,0.36988847583643114
1242,1243.jpeg,0.3959107806691449
1243,1244.jpeg,0.29368029739776946
1244,1245.jpeg,0.19702602230483274
1245,1246.jpeg,0.22862453531598517
1246,1247.jpeg,0.23420074349442382
1247,1248.jpeg,0.20260223048327142
1248,1249.jpeg,0.19702602230483277
1249,1250.jpeg,0.19330855018587367
1250,1251.jpeg,0.171003717472119
1251,1252.jpeg,0.1635687732342008
1252,1253.jpeg,0.15241635687732347
1253,1254.jpeg,0.14126394052044614
1254,1255.jpeg,0.11710037174721193
1255,1256.jpeg,0.11710037174721193
1256,1257.jpeg,0.14312267657992567
1257,1258.jpeg,0.14126394052044614
1258,1259.jpeg,0.15613382899628256
1259,1260.jpeg,0.18029739776951675
1260,1261.jpeg,0.16914498141263945
1261,1262.jpeg,0.21747211895910784
1262,1263.jpeg,0.2936802973977695
1263,1264.jpeg,0.3996282527881041
1264,1265.jpeg,0.5650557620817844
1265,1266.jpeg,0.6115241635687731
1266,1267.jpeg,0.5074349442379182
1267,1268.jpeg,0.4089219330855018
1268,1269.jpeg,0.33828996282527873
1269,1270.jpeg,0.2397769516728624
1270,1271.jpeg,0.16914498141263934
1271,1272.jpeg,0.14312267657992558
1272,1273.jpeg,0.12639405204460957
1273,1274.jpeg,0.15427509293680292
1274,1275.jpeg,0.16542750929368022
1275,1276.jpeg,0.17657992565055752
1276,1277.jpeg,0.20260223048327128
1277,1278.jpeg,0.17286245353159843
1278,1279.jpeg,0.1394052044609665
1279,1280.jpeg,0.14869888475836424
1280,1281.jpeg,0.17286245353159843
1281,1282.jpeg,0.16171003717472113
1282,1283.jpeg,0.15241635687732336
1283,1284.jpeg,0.17843866171003708
1284,1285.jpeg,0.22304832713754638
1285,1286.jpeg,0.28996282527881034
1286,1287.jpeg,0.42193308550185865
1287,1288.jpeg,0.4869888475836431
1288,1289.jpeg,0.5037174721189591
1289,1290.jpeg,0.529739776951673
1290,1291.jpeg,0.4386617100371749
1291,1292.jpeg,0.33085501858736077
1292,1293.jpeg,0.3085501858736061
1293,1294.jpeg,0.31040892193308567
1294,1295.jpeg,0.26579925650557634
1295,1296.jpeg,0.26394052044609684
1296,1297.jpeg,0.24535315985130132
1297,1298.jpeg,0.17657992565055786
1298,1299.jpeg,0.16914498141263964
1299,1300.jpeg,0.18029739776951698
1300,1301.jpeg,0.16914498141263964
1301,1302.jpeg,0.17843866171003742
1302,1303.jpeg,0.20817843866171026
1303,1304.jpeg,0.17657992565055783
1304,1305.jpeg,0.16356877323420094
1305,1306.jpeg,0.20631970260223068
1306,1307.jpeg,0.1970260223048329
1307,1308.jpeg,0.2304832713754649
1308,1309.jpeg,0.36617100371747224
1309,1310.jpeg,0.45539033457249084
1310,1311.jpeg,0.4684014869888477
1311,1312.jpeg,0.47026022304832715
1312,1313.jpeg,0.4591078066914498
1313,1314.jpeg,0.4256505576208178
1314,1315.jpeg,0.37174721189591076
1315,1316.jpeg,0.3011152416356877
1316,1317.jpeg,0.34200743494423785
1317,1318.jpeg,0.3531598513011152
1318,1319.jpeg,0.2565055762081784
1319,1320.jpeg,0.26765799256505574
1320,1321.jpeg,0.27323420074349447
1321,1322.jpeg,0.19702602230483277
1322,1323.jpeg,0.18401486988847587
1323,1324.jpeg,0.2193308550185874
1324,1325.jpeg,0.1988847583643123
1325,1326.jpeg,0.18401486988847587
1326,1327.jpeg,0.204460966542751
1327,1328.jpeg,0.22862453531598517
1328,1329.jpeg,0.20817843866171007
1329,1330.jpeg,0.20446096654275098
1330,1331.jpeg,0.2193308550185874
1331,1332.jpeg,0.24535315985130116
1332,1333.jpeg,0.30111524163568776
1333,1334.jpeg,0.35130111524163565
1334,1335.jpeg,0.4144981412639405
1335,1336.jpeg,0.43308550185873607
1336,1337.jpeg,0.45167286245353166
1337,1338.jpeg,0.4479553903345726
1338,1339.jpeg,0.42565055762081794
1339,1340.jpeg,0.5092936802973979
1340,1341.jpeg,0.5092936802973977
1341,1342.jpeg,0.29739776951672864
1342,1343.jpeg,0.16728624535315992
1343,1344.jpeg,0.171003717472119
1344,1345.jpeg,0.18773234200743502
1345,1346.jpeg,0.19144981412639414
1346,1347.jpeg,0.17472118959107816
1347,1348.jpeg,0.16542750929368039
1348,1349.jpeg,0.14498141263940528
1349,1350.jpeg,0.13940520446096666
1350,1351.jpeg,0.15985130111524173
1351,1352.jpeg,0.15241635687732352
1352,1353.jpeg,0.13382899628252798
1353,1354.jpeg,0.14126394052044622
1354,1355.jpeg,0.15427509293680308
1355,1356.jpeg,0.18215613382899637
1356,1357.jpeg,0.22490706319702608
1357,1358.jpeg,0.26579925650557623
1358,1359.jpeg,0.35873605947955395
1359,1360.jpeg,0.4200743494423792
1360,1361.jpeg,0.4182156133828997
1361,1362.jpeg,0.40148698884758377
1362,1363.jpeg,0.39962825278810415
1363,1364.jpeg,0.3903345724907064
1364,1365.jpeg,0.3643122676579927
1365,1366.jpeg,0.3605947955390335
1366,1367.jpeg,0.3011152416356878
1367,1368.jpeg,0.2063197026022306
1368,1369.jpeg,0.1598513011152417
1369,1370.jpeg,0.17472118959107816
1370,1371.jpeg,0.18029739776951684
1371,1372.jpeg,0.15613382899628264
1372,1373.jpeg,0.13568773234200757
1373,1374.jpeg,0.13382899628252798
1374,1375.jpeg,0.13568773234200757
1375,1376.jpeg,0.12825278810408935
1376,1377.jpeg,0.13197026022304842
1377,1378.jpeg,0.1821561338289964
1378,1379.jpeg,0.19144981412639417
1379,1380.jpeg,0.14312267657992578
1380,1381.jpeg,0.15241635687732352
1381,1382.jpeg,0.1858736059479555
1382,1383.jpeg,0.1821561338289964
1383,1384.jpeg,0.221189591078067
1384,1385.jpeg,0.30669144981412644
1385,1386.jpeg,0.34944237918215615
1386,1387.jpeg,0.36431226765799263
1387,1388.jpeg,0.4386617100371747
1388,1389.jpeg,0.48884758364312253
1389,1390.jpeg,0.4089219330855017
1390,1391.jpeg,0.35315985130111505
1391,1392.jpeg,0.3197026022304831
1392,1393.jpeg,0.2230483271375463
1393,1394.jpeg,0.14126394052044594
1394,1395.jpeg,0.13011152416356864
1395,1396.jpeg,0.13754646840148685
1396,1397.jpeg,0.1672862453531597
1397,1398.jpeg,0.19330855018587345
1398,1399.jpeg,0.1635687732342006
1399,1400.jpeg,0.14126394052044594
1400,1401.jpeg,0.12825278810408908
1401,1402.jpeg,0.14126394052044594
1402,1403.jpeg,0.16728624535315972
1403,1404.jpeg,0.18773234200743477
1404,1405.jpeg,0.18587360594795524
1405,1406.jpeg,0.20631970260223031
1406,1407.jpeg,0.2918215613382898
1407,1408.jpeg,0.31412639405204446
1408,1409.jpeg,0.3364312267657991
1409,1410.jpeg,0.386617100371747
1410,1411.jpeg,0.3736059479553901
1411,1412.jpeg,0.44609665427509276
1412,1413.jpeg,0.5650557620817842
1413,1414.jpeg,0.44609665427509276
1414,1415.jpeg,0.2862453531598511
1415,1416.jpeg,0.22490706319702583
1416,1417.jpeg,0.161710037174721
1417,1418.jpeg,0.15799256505576187
1418,1419.jpeg,0.16356877323420055
1419,1420.jpeg,0.15241635687732322
1420,1421.jpeg,0.16914498141263923
1421,1422.jpeg,0.17657992565055744
1422,1423.jpeg,0.15799256505576192
1423,1424.jpeg,0.1542750929368028
1424,1425.jpeg,0.14126394052044594
1425,1426.jpeg,0.13382899628252776
1426,1427.jpeg,0.13382899628252776
1427,1428.jpeg,0.1394052044609664
1428,1429.jpeg,0.19330855018587348
1429,1430.jpeg,0.2174721189591077
1430,1431.jpeg,0.262081784386617
1431,1432.jpeg,0.3382899628252787
1432,1433.jpeg,0.35130111524163554
1433,1434.jpeg,0.4498141263940519
1434,1435.jpeg,0.507434944237918
1435,1436.jpeg,0.5483271375464682
1436,1437.jpeg,0.5631970260223047
1437,1438.jpeg,0.4646840148698884
1438,1439.jpeg,0.3085501858736059
1439,1440.jpeg,0.191449814126394
1440,1441.jpeg,0.19516728624535312
1441,1442.jpeg,0.1765799256505576
1442,1443.jpeg,0.15055762081784385
1443,1444.jpeg,0.14684014869888476
1444,1445.jpeg,0.16728624535315983
1445,1446.jpeg,0.1691449814126394
1446,1447.jpeg,0.15055762081784385
1447,1448.jpeg,0.14312267657992567
1448,1449.jpeg,0.14869888475836432
1449,1450.jpeg,0.15241635687732344
1450,1451.jpeg,0.15613382899628253
1451,1452.jpeg,0.18215613382899626
1452,1453.jpeg,0.17843866171003714
1453,1454.jpeg,0.17472118959107805
1454,1455.jpeg,0.21003717472118957
1455,1456.jpeg,0.3141263940520446
1456,1457.jpeg,0.4553903345724906
1457,1458.jpeg,0.46468401486988836
1458,1459.jpeg,0.42379182156133827
1459,1460.jpeg,0.39033457249070624
1460,1461.jpeg,0.37918215613382894
1461,1462.jpeg,0.3884758364312267
1462,1463.jpeg,0.3085501858736059
1463,1464.jpeg,0.21189591078066908
1464,1465.jpeg,0.21375464684014864
1465,1466.jpeg,0.2397769516728624
1466,1467.jpeg,0.21747211895910776
1467,1468.jpeg,0.17657992565055758
1468,1469.jpeg,0.15055762081784385
1469,1470.jpeg,0.15613382899628248
1470,1471.jpeg,0.15427509293680292
1471,1472.jpeg,0.14312267657992564
1472,1473.jpeg,0.1486988847583643
1473,1474.jpeg,0.1561338289962825
1474,1475.jpeg,0.16171003717472116
1475,1476.jpeg,0.17843866171003714
1476,1477.jpeg,0.18401486988847582
1477,1478.jpeg,0.2044609665427509
1478,1479.jpeg,0.278810408921933
1479,1480.jpeg,0.41263940520446085
1480,1481.jpeg,0.4944237918215613
1481,1482.jpeg,0.5762081784386615
1482,1483.jpeg,0.6394052044609664
1483,1484.jpeg,0.4944237918215611
1484,1485.jpeg,0.29739776951672836
1485,1486.jpeg,0.19888475836431208
1486,1487.jpeg,0.16356877323420058
1487,1488.jpeg,0.1431226765799255
1488,1489.jpeg,0.14126394052044594
1489,1490.jpeg,0.1654275092936801
1490,1491.jpeg,0.18029739776951656
1491,1492.jpeg,0.1802973977695166
1492,1493.jpeg,0.20631970260223031
1493,1494.jpeg,0.21003717472118943
1494,1495.jpeg,0.20074349442379166
1495,1496.jpeg,0.1802973977695166
1496,1497.jpeg,0.15985130111524154
1497,1498.jpeg,0.15055762081784374
1498,1499.jpeg,0.14684014869888462
1499,1500.jpeg,0.17100371747211882
1500,1501.jpeg,0.1654275092936802
1501,1502.jpeg,0.17843866171003706
1502,1503.jpeg,0.2211895910780668
1503,1504.jpeg,0.24721189591078055
1504,1505.jpeg,0.2379182156133828
1505,1506.jpeg,0.2992565055762081
1506,1507.jpeg,0.47583643122676567
1507,1508.jpeg,0.4776951672862452
1508,1509.jpeg,0.3345724907063196
1509,1510.jpeg,0.3773234200743493
1510,1511.jpeg,0.40706319702602217
1511,1512.jpeg,0.25650557620817827
1512,1513.jpeg,0.15799256505576192
1513,1514.jpeg,0.14126394052044594
1514,1515.jpeg,0.16171003717472104
1515,1516.jpeg,0.1654275092936802
1516,1517.jpeg,0.13940520446096644
1517,1518.jpeg,0.12825278810408913
1518,1519.jpeg,0.1133828996282527
1519,1520.jpeg,0.13940520446096646
1520,1521.jpeg,0.17100371747211884
1521,1522.jpeg,0.1524163568773233
1522,1523.jpeg,0.15055762081784374
1523,1524.jpeg,0.1524163568773233
1524,1525.jpeg,0.1617100371747211
1525,1526.jpeg,0.20631970260223037
1526,1527.jpeg,0.20446096654275084
1527,1528.jpeg,0.19702602230483263
1528,1529.jpeg,0.23977695167286234
1529,1530.jpeg,0.278810408921933
1530,1531.jpeg,0.34572490706319686
1531,1532.jpeg,0.436802973977695
1532,1533.jpeg,0.46282527881040886
1533,1534.jpeg,0.3680297397769516
1534,1535.jpeg,0.2955390334572489
1535,1536.jpeg,0.2732342007434943
1536,1537.jpeg,0.18587360594795527
1537,1538.jpeg,0.13568773234200732
1538,1539.jpeg,0.1394052044609664
1539,1540.jpeg,0.13011152416356864
1540,1541.jpeg,0.11152416356877312
1541,1542.jpeg,0.12453531598512999
1542,1543.jpeg,0.12639405204460952
1543,1544.jpeg,0.11152416356877311
1544,1545.jpeg,0.10780669144981399
1545,1546.jpeg,0.12825278810408908
1546,1547.jpeg,0.14869888475836418
1547,1548.jpeg,0.13382899628252776
1548,1549.jpeg,0.16542750929368014
1549,1550.jpeg,0.24163568773234184
1550,1551.jpeg,0.2862453531598511
1551,1552.jpeg,0.34944237918215604
1552,1553.jpeg,0.382899628252788
1553,1554.jpeg,0.45539033457249056
1554,1555.jpeg,0.5092936802973976
1555,1556.jpeg,0.386617100371747
1556,1557.jpeg,0.34572490706319686
1557,1558.jpeg,0.34014869888475824
1558,1559.jpeg,0.245353159851301
1559,1560.jpeg,0.19702602230483257
1560,1561.jpeg,0.16542750929368014
1561,1562.jpeg,0.17657992565055744
1562,1563.jpeg,0.18401486988847568
1563,1564.jpeg,0.13754646840148682
1564,1565.jpeg,0.12081784386617085
1565,1566.jpeg,0.1319702602230482
1566,1567.jpeg,0.15055762081784374
1567,1568.jpeg,0.15799256505576192
1568,1569.jpeg,0.15241635687732327
1569,1570.jpeg,0.14498141263940506
1570,1571.jpeg,0.13568773234200726
1571,1572.jpeg,0.11152416356877305
1572,1573.jpeg,0.13754646840148682
1573,1574.jpeg,0.2472118959107805
1574,1575.jpeg,0.36431226765799235
1575,1576.jpeg,0.4962825278810406
1576,1577.jpeg,0.6040892193308547
1577,1578.jpeg,0.6914498141263936
1578,1579.jpeg,0.7788104089219328
1579,1580.jpeg,0.6747211895910776
1580,1581.jpeg,0.5929368029739772
1581,1582.jpeg,0.49628252788104055
1582,1583.jpeg,0.2992565055762078
1583,1584.jpeg,0.25464684014869854
1584,1585.jpeg,0.25464684014869854
1585,1586.jpeg,0.23791821561338258
1586,1587.jpeg,0.21189591078066886
1587,1588.jpeg,0.17657992565055733
1588,1589.jpeg,0.1542750929368027
1589,1590.jpeg,0.15985130111524137
1590,1591.jpeg,0.1579925650557618
1591,1592.jpeg,0.16171003717472093
1592,1593.jpeg,0.182156133828996
1593,1594.jpeg,0.16542750929368003
1594,1595.jpeg,0.13011152416356853
1595,1596.jpeg,0.15613382899628225
1596,1597.jpeg,0.21561338289962795
1597,1598.jpeg,0.23048327137546437
1598,1599.jpeg,0.20817843866170974
1599,1600.jpeg,0.24721189591078035
1600,1601.jpeg,0.2639405204460963
1601,1602.jpeg,0.20446096654275056
1602,1603.jpeg,0.1951672862453528
1603,1604.jpeg,0.26208178438661667
1604,1605.jpeg,0.36245353159851257
1605,1606.jpeg,0.39033457249070586
1606,1607.jpeg,0.26951672862453485
1607,1608.jpeg,0.18029739776951625
1608,1609.jpeg,0.21561338289962775
1609,1610.jpeg,0.19144981412639359
1610,1611.jpeg,0.13940520446096608
1611,1612.jpeg,0.16542750929367986
1612,1613.jpeg,0.19330855018587315
1613,1614.jpeg,0.18587360594795493
1614,1615.jpeg,0.2100371747211891
1615,1616.jpeg,0.21933085501858687
1616,1617.jpeg,0.1858736059479549
1617,1618.jpeg,0.16728624535315936
1618,1619.jpeg,0.2100371747211891
1619,1620.jpeg,0.39219330855018536
1620,1621.jpeg,0.6338289962825274
1621,1622.jpeg,0.5092936802973973
1622,1623.jpeg,0.4646840148698881
1623,1624.jpeg,0.7881040892193305
1624,1625.jpeg,0.8866171003717467
1625,1626.jpeg,0.6895910780669141
1626,1627.jpeg,0.5966542750929364
1627,1628.jpeg,0.5892193308550182
1628,1629.jpeg,0.42565055762081744
1629,1630.jpeg,0.2676579925650554
1630,1631.jpeg,0.2118959107806688
1631,1632.jpeg,0.1914498141263937
1632,1633.jpeg,0.15427509293680264
1633,1634.jpeg,0.1561338289962822
1634,1635.jpeg,0.15427509293680258
1635,1636.jpeg,0.15985130111524126
1636,1637.jpeg,0.1988847583643119
1637,1638.jpeg,0.20446096654275056
1638,1639.jpeg,0.20260223048327103
1639,1640.jpeg,0.2081784386617097
1640,1641.jpeg,0.1691449814126391
1641,1642.jpeg,0.13940520446096621
1642,1643.jpeg,0.15799256505576179
1643,1644.jpeg,0.1895910780669142
1644,1645.jpeg,0.23234200743494393
1645,1646.jpeg,0.3122676579925648
1646,1647.jpeg,0.3494423791821558
1647,1648.jpeg,0.3308550185873603
1648,1649.jpeg,0.2657992565055759
1649,1650.jpeg,0.1877323420074347
1650,1651.jpeg,0.16356877323420047
1651,1652.jpeg,0.2379182156133826
1652,1653.jpeg,0.3940520446096651
1653,1654.jpeg,0.31598513011152385
1654,1655.jpeg,0.15241635687732308
1655,1656.jpeg,0.15241635687732308
1656,1657.jpeg,0.16542750929367997
1657,1658.jpeg,0.1635687732342004
1658,1659.jpeg,0.14498141263940487
1659,1660.jpeg,0.14126394052044577
1660,1661.jpeg,0.14869888475836396
1661,1662.jpeg,0.14498141263940487
1662,1663.jpeg,0.14498141263940487
1663,1664.jpeg,0.1356877323420071
1664,1665.jpeg,0.1561338289962822
1665,1666.jpeg,0.15799256505576173
1666,1667.jpeg,0.14126394052044575
1667,1668.jpeg,0.18773234200743458
1668,1669.jpeg,0.2509293680297394
1669,1670.jpeg,0.2788104089219327
1670,1671.jpeg,0.2788104089219327
1671,1672.jpeg,0.273234200743494
1672,1673.jpeg,0.27137546468401447
1673,1674.jpeg,0.27137546468401447
1674,1675.jpeg,0.25836431226765755
1675,1676.jpeg,0.22862453531598473
1676,1677.jpeg,0.185873605947955
1677,1678.jpeg,0.23977695167286203
1678,1679.jpeg,0.29739776951672814
1679,1680.jpeg,0.24163568773234156
1680,1681.jpeg,0.18215613382899587
1681,1682.jpeg,0.18029739776951634
1682,1683.jpeg,0.16356877323420035
1683,1684.jpeg,0.13568773234200704
1684,1685.jpeg,0.14498141263940478
1685,1686.jpeg,0.15799256505576165
1686,1687.jpeg,0.15427509293680253
1687,1688.jpeg,0.14869888475836385
1688,1689.jpeg,0.15427509293680253
1689,1690.jpeg,0.13754646840148654
1690,1691.jpeg,0.13382899628252742
1691,1692.jpeg,0.13568773234200698
1692,1693.jpeg,0.13940520446096608
1693,1694.jpeg,0.1617100371747207
1694,1695.jpeg,0.2509293680297393
1695,1696.jpeg,0.35130111524163515
1696,1697.jpeg,0.3773234200743489
1697,1698.jpeg,0.4219330855018582
1698,1699.jpeg,0.4851301115241631
1699,1700.jpeg,0.548327137546468
1700,1701.jpeg,0.4962825278810405
1701,1702.jpeg,0.36988847583643086
1702,1703.jpeg,0.306691449814126
1703,1704.jpeg,0.22304832713754613
1704,1705.jpeg,0.16542750929367994
1705,1706.jpeg,0.16728624535315953
1706,1707.jpeg,0.17472118959107777
1707,1708.jpeg,0.16171003717472088
1708,1709.jpeg,0.13940520446096624
1709,1710.jpeg,0.14684014869888445
1710,1711.jpeg,0.1561338289962822
1711,1712.jpeg,0.148698884758364
1712,1713.jpeg,0.148698884758364
1713,1714.jpeg,0.1635687732342004
1714,1715.jpeg,0.15799256505576173
1715,1716.jpeg,0.15241635687732308
1716,1717.jpeg,0.18215613382899593
1717,1718.jpeg,0.28996282527881007
1718,1719.jpeg,0.41449814126394013
1719,1720.jpeg,0.427509293680297
1720,1721.jpeg,0.4312267657992561
1721,1722.jpeg,0.5613382899628248
1722,1723.jpeg,0.6301115241635684
1723,1724.jpeg,0.5539033457249067
1724,1725.jpeg,0.5408921933085498
1725,1726.jpeg,0.40892193308550157
1726,1727.jpeg,0.2453531598513008
1727,1728.jpeg,0.26022304832713716
1728,1729.jpeg,0.2843866171003714
1729,1730.jpeg,0.2992565055762078
1730,1731.jpeg,0.24349442379182124
1731,1732.jpeg,0.17286245353159818
1732,1733.jpeg,0.18029739776951637
1733,1734.jpeg,0.16171003717472088
1734,1735.jpeg,0.13940520446096621
1735,1736.jpeg,0.14684014869888445
1736,1737.jpeg,0.15241635687732308
1737,1738.jpeg,0.14126394052044577
1738,1739.jpeg,0.11710037174721158
1739,1740.jpeg,0.11895910780669114
1740,1741.jpeg,0.1840148698884755
1741,1742.jpeg,0.2713754646840145
1742,1743.jpeg,0.3550185873605945
1743,1744.jpeg,0.3996282527881038
1744,1745.jpeg,0.41635687732341986
1745,1746.jpeg,0.4665427509293677
1746,1747.jpeg,0.4646840148698881
1747,1748.jpeg,0.4070631970260219
1748,1749.jpeg,0.38104089219330817
1749,1750.jpeg,0.31784386617100335
1750,1751.jpeg,0.2713754646840145
1751,1752.jpeg,0.23420074349442346
1752,1753.jpeg,0.18587360594795505
1753,1754.jpeg,0.20817843866170965
1754,1755.jpeg,0.20446096654275056
1755,1756.jpeg,0.18587360594795505
1756,1757.jpeg,0.16542750929367994
1757,1758.jpeg,0.14869888475836396
1758,1759.jpeg,0.14312267657992528
1759,1760.jpeg,0.1394052044609662
1760,1761.jpeg,0.1394052044609662
1761,1762.jpeg,0.13568773234200707
1762,1763.jpeg,0.13197026022304797
1763,1764.jpeg,0.14869888475836396
1764,1765.jpeg,0.20446096654275053
1765,1766.jpeg,0.2695167286245349
1766,1767.jpeg,0.3029739776951669
1767,1768.jpeg,0.2973977695167282
1768,1769.jpeg,0.31412639405204423
1769,1770.jpeg,0.47397769516728583
1770,1771.jpeg,0.6728624535315981
1771,1772.jpeg,0.7490706319702598
1772,1773.jpeg,0.7100371747211893
1773,1774.jpeg,0.42379182156133804
1774,1775.jpeg,0.19144981412639384
1775,1776.jpeg,0.1728624535315983
1776,1777.jpeg,0.15799256505576187
1777,1778.jpeg,0.20074349442379164
1778,1779.jpeg,0.23048327137546448
1779,1780.jpeg,0.22676579925650536
1780,1781.jpeg,0.20817843866170982
1781,1782.jpeg,0.15799256505576187
1782,1783.jpeg,0.12639405204460946
1783,1784.jpeg,0.12639405204460946
1784,1785.jpeg,0.12267657992565036
1785,1786.jpeg,0.14126394052044589
1786,1787.jpeg,0.144981412639405
1787,1788.jpeg,0.13754646840148677
1788,1789.jpeg,0.17286245353159832
1789,1790.jpeg,0.22490706319702586
1790,1791.jpeg,0.30297397769516715
1791,1792.jpeg,0.3345724907063195
1792,1793.jpeg,0.2936802973977693
1793,1794.jpeg,0.3754646840148696
1794,1795.jpeg,0.5817843866171
1795,1796.jpeg,0.7044609665427506
1796,1797.jpeg,0.6505576208178434
1797,1798.jpeg,0.3754646840148695
1798,1799.jpeg,0.2156133828996279
1799,1800.jpeg,0.24163568773234165
1800,1801.jpeg,0.1988847583643119
1801,1802.jpeg,0.16728624535315947
1802,1803.jpeg,0.1672862453531595
1803,1804.jpeg,0.1635687732342004
1804,1805.jpeg,0.16542750929367994
1805,1806.jpeg,0.1635687732342004
1806,1807.jpeg,0.14126394052044577
1807,1808.jpeg,0.12639405204460935
1808,1809.jpeg,0.13011152416356847
1809,1810.jpeg,0.1449814126394049
1810,1811.jpeg,0.1338289962825276
1811,1812.jpeg,0.16171003717472088
1812,1813.jpeg,0.2174721189591075
1813,1814.jpeg,0.23977695167286214
1814,1815.jpeg,0.2490706319702599
1815,1816.jpeg,0.2806691449814123
1816,1817.jpeg,0.37360594795539004
1817,1818.jpeg,0.43122676579925623
1818,1819.jpeg,0.42379182156133804
1819,1820.jpeg,0.4405204460966541
1820,1821.jpeg,0.5148698884758361
1821,1822.jpeg,0.38661710037174696
1822,1823.jpeg,0.17657992565055744
1823,1824.jpeg,0.1654275092936801
1824,1825.jpeg,0.15055762081784368
1825,1826.jpeg,0.1263940520446095
1826,1827.jpeg,0.18587360594795524
1827,1828.jpeg,0.195167286245353
1828,1829.jpeg,0.15055762081784374
1829,1830.jpeg,0.12639405204460955
1830,1831.jpeg,0.12453531598513
1831,1832.jpeg,0.13754646840148688
1832,1833.jpeg,0.13940520446096644
1833,1834.jpeg,0.13940520446096644
1834,1835.jpeg,0.141263940520446
1835,1836.jpeg,0.12639405204460955
1836,1837.jpeg,0.13568773234200732
1837,1838.jpeg,0.2360594795539032
1838,1839.jpeg,0.36059479553903334
1839,1840.jpeg,0.37918215613382883
1840,1841.jpeg,0.3438661710037173
1841,1842.jpeg,0.4200743494423789
1842,1843.jpeg,0.544609665427509
1843,1844.jpeg,0.5780669144981412
1844,1845.jpeg,0.4832713754646838
1845,1846.jpeg,0.2918215613382898
1846,1847.jpeg,0.22118959107806674
1847,1848.jpeg,0.22118959107806674
1848,1849.jpeg,0.16171003717472102
1849,1850.jpeg,0.14684014869888457
1850,1851.jpeg,0.16542750929368014
1851,1852.jpeg,0.18959107806691436
1852,1853.jpeg,0.17843866171003706
1853,1854.jpeg,0.1431226765799255
1854,1855.jpeg,0.16356877323420058
1855,1856.jpeg,0.1747211895910779
1856,1857.jpeg,0.15985130111524148
1857,1858.jpeg,0.13940520446096644
1858,1859.jpeg,0.1282527881040891
1859,1860.jpeg,0.15427509293680286
1860,1861.jpeg,0.1431226765799255
1861,1862.jpeg,0.15799256505576198
1862,1863.jpeg,0.1877323420074348
1863,1864.jpeg,0.22676579925650547
1864,1865.jpeg,0.36988847583643114
1865,1866.jpeg,0.436802973977695
1866,1867.jpeg,0.37360594795539015
1867,1868.jpeg,0.4386617100371746
1868,1869.jpeg,0.5557620817843865
1869,1870.jpeg,0.42007434944237904
1870,1871.jpeg,0.2174721189591077
1871,1872.jpeg,0.141263940520446
1872,1873.jpeg,0.12267657992565047
1873,1874.jpeg,0.13382899628252778
1874,1875.jpeg,0.1524163568773233
1875,1876.jpeg,0.1895910780669144
1876,1877.jpeg,0.1617100371747211
1877,1878.jpeg,0.12825278810408913
1878,1879.jpeg,0.13940520446096646
1879,1880.jpeg,0.15241635687732336
1880,1881.jpeg,0.1895910780669144
1881,1882.jpeg,0.17100371747211884
1882,1883.jpeg,0.13940520446096644
1883,1884.jpeg,0.1728624535315984
1884,1885.jpeg,0.2211895910780668
1885,1886.jpeg,0.29925650557620803
1886,1887.jpeg,0.3643122676579924
1887,1888.jpeg,0.40334572490706305
1888,1889.jpeg,0.4386617100371746
1889,1890.jpeg,0.43122676579925634
1890,1891.jpeg,0.3345724907063196
1891,1892.jpeg,0.26951672862453524
1892,1893.jpeg,0.22676579925650547
1893,1894.jpeg,0.17843866171003706
1894,1895.jpeg,0.18029739776951662
1895,1896.jpeg,0.15055762081784377
1896,1897.jpeg,0.1375464684014869
1897,1898.jpeg,0.14312267657992556
1898,1899.jpeg,0.13940520446096644
1899,1900.jpeg,0.14684014869888468
1900,1901.jpeg,0.1542750929368029
1901,1902.jpeg,0.14498141263940512
1902,1903.jpeg,0.1338289962825278
1903,1904.jpeg,0.1263940520446096
1904,1905.jpeg,0.11895910780669137
1905,1906.jpeg,0.11524163568773227
1906,1907.jpeg,0.11152416356877315
1907,1908.jpeg,0.13940520446096646
1908,1909.jpeg,0.2304832713754646
1909,1910.jpeg,0.2676579925650556
1910,1911.jpeg,0.30669144981412627
1911,1912.jpeg,0.3643122676579924
1912,1913.jpeg,0.34572490706319686
1913,1914.jpeg,0.3643122676579924
1914,1915.jpeg,0.3810408921933084
1915,1916.jpeg,0.3661710037174719
1916,1917.jpeg,0.3085501858736057
1917,1918.jpeg,0.21933085501858712
1918,1919.jpeg,0.2026022304832711
1919,1920.jpeg,0.232342007434944
1920,1921.jpeg,0.27323420074349414
1921,1922.jpeg,0.24907063197025997
1922,1923.jpeg,0.1877323420074347
1923,1924.jpeg,0.16356877323420047
1924,1925.jpeg,0.14126394052044583
1925,1926.jpeg,0.14869888475836407
1926,1927.jpeg,0.1468401486988845
1927,1928.jpeg,0.13197026022304809
1928,1929.jpeg,0.15613382899628225
1929,1930.jpeg,0.15799256505576179
1930,1931.jpeg,0.1375464684014867
1931,1932.jpeg,0.1171003717472116
1932,1933.jpeg,0.11710037174721163
1933,1934.jpeg,0.1579925650557618
1934,1935.jpeg,0.2472118959107804
1935,1936.jpeg,0.3048327137546466
1936,1937.jpeg,0.2806691449814124
1937,1938.jpeg,0.286245353159851
1938,1939.jpeg,0.36988847583643086
1939,1940.jpeg,0.4999999999999997
1940,1941.jpeg,0.507434944237918
1941,1942.jpeg,0.3252788104089217
1942,1943.jpeg,0.25278810408921903
1943,1944.jpeg,0.24907063197025997
1944,1945.jpeg,0.18587360594795513
1945,1946.jpeg,0.14498141263940495
1946,1947.jpeg,0.14869888475836404
1947,1948.jpeg,0.15241635687732316
1948,1949.jpeg,0.1412639405204458
1949,1950.jpeg,0.14869888475836404
1950,1951.jpeg,0.1617100371747209
1951,1952.jpeg,0.1728624535315982
1952,1953.jpeg,0.16728624535315956
1953,1954.jpeg,0.17100371747211868
1954,1955.jpeg,0.148698884758364
1955,1956.jpeg,0.12267657992565027
1956,1957.jpeg,0.1301115241635685
1957,1958.jpeg,0.19144981412639378
1958,1959.jpeg,0.33085501858736033
1959,1960.jpeg,0.3568773234200741
1960,1961.jpeg,0.28810408921933056
1961,1962.jpeg,0.2843866171003715
1962,1963.jpeg,0.2899628252788101
1963,1964.jpeg,0.2825278810408919
1964,1965.jpeg,0.2434944237918213
1965,1966.jpeg,0.19330855018587337
1966,1967.jpeg,0.1579925650557618
1967,1968.jpeg,0.1468401486988845
1968,1969.jpeg,0.15985130111524137
1969,1970.jpeg,0.18029739776951645
1970,1971.jpeg,0.18029739776951648
1971,1972.jpeg,0.16914498141263914
1972,1973.jpeg,0.15613382899628225
1973,1974.jpeg,0.14869888475836407
1974,1975.jpeg,0.13754646840148677
1975,1976.jpeg,0.1635687732342005
1976,1977.jpeg,0.17472118959107782
1977,1978.jpeg,0.14498141263940495
1978,1979.jpeg,0.13940520446096633
1979,1980.jpeg,0.13197026022304814
1980,1981.jpeg,0.17657992565055738
1981,1982.jpeg,0.2639405204460964
1982,1983.jpeg,0.4052044609665424
1983,1984.jpeg,0.4516728624535312
1984,1985.jpeg,0.3420074349442376
1985,1986.jpeg,0.30111524163568737
1986,1987.jpeg,0.306691449814126
1987,1988.jpeg,0.3122676579925647
1988,1989.jpeg,0.24349442379182118
1989,1990.jpeg,0.16171003717472082
1990,1991.jpeg,0.14126394052044572
1991,1992.jpeg,0.12267657992565018
1992,1993.jpeg,0.13197026022304792
1993,1994.jpeg,0.15427509293680258
1994,1995.jpeg,0.1784386617100368
1995,1996.jpeg,0.16356877323420038
1996,1997.jpeg,0.13197026022304797
1997,1998.jpeg,0.12453531598512975
1998,1999.jpeg,0.13197026022304797
1999,2000.jpeg,0.1356877323420071
2000,2001.jpeg,0.14498141263940484
2001,2002.jpeg,0.1561338289962822
2002,2003.jpeg,0.1449814126394049
2003,2004.jpeg,0.12081784386617068
2004,2005.jpeg,0.11152416356877293
2005,2006.jpeg,0.1691449814126391
2006,2007.jpeg,0.28066914498141227
2007,2008.jpeg,0.34572490706319675
2008,2009.jpeg,0.35130111524163543
2009,2010.jpeg,0.33828996282527857
2010,2011.jpeg,0.31412639405204434
2011,2012.jpeg,0.423791821561338
2012,2013.jpeg,0.4535315985130109
2013,2014.jpeg,0.30483271375464654
2014,2015.jpeg,0.21003717472118932
2015,2016.jpeg,0.15613382899628225
2016,2017.jpeg,0.15055762081784357
2017,2018.jpeg,0.15985130111524137
2018,2019.jpeg,0.1431226765799254
2019,2020.jpeg,0.13568773234200715
2020,2021.jpeg,0.1542750929368027
2021,2022.jpeg,0.14126394052044583
2022,2023.jpeg,0.11710037174721163
2023,2024.jpeg,0.11710037174721163
2024,2025.jpeg,0.1263940520446094
2025,2026.jpeg,0.14126394052044583
2026,2027.jpeg,0.12825278810408897
2027,2028.jpeg,0.1263940520446094
2028,2029.jpeg,0.1505576208178436
2029,2030.jpeg,0.18029739776951648
2030,2031.jpeg,0.20446096654275064
2031,2032.jpeg,0.2007434944237915
2032,2033.jpeg,0.2509293680297394
2033,2034.jpeg,0.31970260223048297
2034,2035.jpeg,0.3605947955390331
2035,2036.jpeg,0.39962825278810377
2036,2037.jpeg,0.4033457249070629
2037,2038.jpeg,0.3308550185873602
2038,2039.jpeg,0.20817843866170974
2039,2040.jpeg,0.148698884758364
2040,2041.jpeg,0.15613382899628225
2041,2042.jpeg,0.15613382899628225
2042,2043.jpeg,0.12825278810408894
2043,2044.jpeg,0.11895910780669118
2044,2045.jpeg,0.12825278810408894
2045,2046.jpeg,0.13568773234200715
2046,2047.jpeg,0.1375464684014867
2047,2048.jpeg,0.1375464684014867
2048,2049.jpeg,0.1133828996282525
2049,2050.jpeg,0.10408921933085473
2050,2051.jpeg,0.12453531598512983
2051,2052.jpeg,0.1338289962825276
2052,2053.jpeg,0.15241635687732313
2053,2054.jpeg,0.148698884758364
2054,2055.jpeg,0.16542750929368
2055,2056.jpeg,0.2342007434944235
2056,2057.jpeg,0.3011152416356874
2057,2058.jpeg,0.36988847583643086
2058,2059.jpeg,0.4219330855018583
2059,2060.jpeg,0.34944237918215576
2060,2061.jpeg,0.2825278810408919
2061,2062.jpeg,0.3141263940520443
2062,2063.jpeg,0.24163568773234173
2063,2064.jpeg,0.15055762081784363
2064,2065.jpeg,0.1524163568773232
2065,2066.jpeg,0.13754646840148677
2066,2067.jpeg,0.12453531598512986
2067,2068.jpeg,0.11895910780669121
2068,2069.jpeg,0.14498141263940495
2069,2070.jpeg,0.17657992565055738
2070,2071.jpeg,0.1468401486988845
2071,2072.jpeg,0.10594795539033433
2072,2073.jpeg,0.11152416356877298
2073,2074.jpeg,0.11895910780669121
2074,2075.jpeg,0.11338289962825256
2075,2076.jpeg,0.14126394052044586
2076,2077.jpeg,0.1840148698884756
2077,2078.jpeg,0.1710037174721187
2078,2079.jpeg,0.19702602230483246
2079,2080.jpeg,0.28810408921933056
2080,2081.jpeg,0.3345724907063194
2081,2082.jpeg,0.4330855018587357
2082,2083.jpeg,0.49814126394052005
2083,2084.jpeg,0.47397769516728583
2084,2085.jpeg,0.4368029739776947
2085,2086.jpeg,0.3252788104089215
2086,2087.jpeg,0.20074349442379139
2087,2088.jpeg,0.15799256505576165
2088,2089.jpeg,0.14126394052044564
2089,2090.jpeg,0.14126394052044564
2090,2091.jpeg,0.13568773234200698
2091,2092.jpeg,0.12639405204460924
2092,2093.jpeg,0.13568773234200698
2093,2094.jpeg,0.15799256505576165
2094,2095.jpeg,0.1747211895910776
2095,2096.jpeg,0.14869888475836385
2096,2097.jpeg,0.12453531598512965
2097,2098.jpeg,0.13011152416356833
2098,2099.jpeg,0.14312267657992522
2099,2100.jpeg,0.14498141263940476
2100,2101.jpeg,0.1431226765799252
2101,2102.jpeg,0.20260223048327092
2102,2103.jpeg,0.22490706319702555
2103,2104.jpeg,0.2973977695167282
2104,2105.jpeg,0.44795539033457205
2105,2106.jpeg,0.4888475836431223
2106,2107.jpeg,0.4609665427509291
2107,2108.jpeg,0.3959107806691446
2108,2109.jpeg,0.3308550185873602
2109,2110.jpeg,0.24349442379182118
2110,2111.jpeg,0.1877323420074346
2111,2112.jpeg,0.17100371747211862
2112,2113.jpeg,0.17100371747211865
2113,2114.jpeg,0.17100371747211865
2114,2115.jpeg,0.14498141263940492
2115,2116.jpeg,0.15613382899628225
2116,2117.jpeg,0.16914498141263912
2117,2118.jpeg,0.15985130111524137
2118,2119.jpeg,0.15985130111524137
2119,2120.jpeg,0.15613382899628228
2120,2121.jpeg,0.1356877323420072
2121,2122.jpeg,0.14498141263940495
2122,2123.jpeg,0.1468401486988845
2123,2124.jpeg,0.11710037174721166
2124,2125.jpeg,0.11895910780669121
2125,2126.jpeg,0.20446096654275067
2126,2127.jpeg,0.30483271375464654
2127,2128.jpeg,0.3680297397769514
2128,2129.jpeg,0.4293680297397767
2129,2130.jpeg,0.47955390334572473
2130,2131.jpeg,0.39405204460966525
2131,2132.jpeg,0.30483271375464666
2132,2133.jpeg,0.3178438661710035
2133,2134.jpeg,0.2546468401486987
2134,2135.jpeg,0.20074349442379164
2135,2136.jpeg,0.1747211895910779
2136,2137.jpeg,0.15613382899628236
2137,2138.jpeg,0.1579925650557619
2138,2139.jpeg,0.16728624535315967
2139,2140.jpeg,0.1691449814126392
2140,2141.jpeg,0.15241635687732322
2141,2142.jpeg,0.1561338289962823
2142,2143.jpeg,0.15241635687732322
2143,2144.jpeg,0.14684014869888457
2144,2145.jpeg,0.1579925650557619
2145,2146.jpeg,0.1431226765799255
2146,2147.jpeg,0.13568773234200726
2147,2148.jpeg,0.14498141263940506
2148,2149.jpeg,0.12825278810408908
2149,2150.jpeg,0.15799256505576192
2150,2151.jpeg,0.18773234200743474
2151,2152.jpeg,0.2026022304832712
2152,2153.jpeg,0.24163568773234184
2153,2154.jpeg,0.23791821561338275
2154,2155.jpeg,0.2862453531598511
2155,2156.jpeg,0.41263940520446085
2156,2157.jpeg,0.453531598513011
2157,2158.jpeg,0.3420074349442378
2158,2159.jpeg,0.20631970260223034
2159,2160.jpeg,0.15985130111524148
2160,2161.jpeg,0.1635687732342006
2161,2162.jpeg,0.1561338289962824
2162,2163.jpeg,0.14869888475836418
2163,2164.jpeg,0.14312267657992553
2164,2165.jpeg,0.13382899628252776
2165,2166.jpeg,0.12453531598513
2166,2167.jpeg,0.13011152416356864
2167,2168.jpeg,0.13940520446096644
2168,2169.jpeg,0.14498141263940506
2169,2170.jpeg,0.15055762081784374
2170,2171.jpeg,0.15427509293680286
2171,2172.jpeg,0.15799256505576192
2172,2173.jpeg,0.1802973977695166
2173,2174.jpeg,0.2676579925650556
2174,2175.jpeg,0.33271375464684
2175,2176.jpeg,0.3587360594795537
2176,2177.jpeg,0.3624535315985129
2177,2178.jpeg,0.3345724907063195
2178,2179.jpeg,0.2918215613382898
2179,2180.jpeg,0.27137546468401474
2180,2181.jpeg,0.3271375464684014
2181,2182.jpeg,0.35501858736059466
2182,2183.jpeg,0.30483271375464666
2183,2184.jpeg,0.23420074349442366
2184,2185.jpeg,0.211895910780669
2185,2186.jpeg,0.19144981412639392
2186,2187.jpeg,0.14869888475836418
2187,2188.jpeg,0.16171003717472104
2188,2189.jpeg,0.178438661710037
2189,2190.jpeg,0.14126394052044594
2190,2191.jpeg,0.13568773234200732
2191,2192.jpeg,0.16728624535315972
2192,2193.jpeg,0.15613382899628236
2193,2194.jpeg,0.16171003717472102
2194,2195.jpeg,0.17286245353159835
2195,2196.jpeg,0.14126394052044594
2196,2197.jpeg,0.1710037174721188
2197,2198.jpeg,0.25092936802973964
2198,2199.jpeg,0.33271375464684
2199,2200.jpeg,0.41078066914498124
2200,2201.jpeg,0.40520446096654256
2201,2202.jpeg,0.3996282527881039
2202,2203.jpeg,0.41449814126394036
2203,2204.jpeg,0.3977695167286244
2204,2205.jpeg,0.4293680297397768
2205,2206.jpeg,0.3252788104089218
2206,2207.jpeg,0.20260223048327125
2207,2208.jpeg,0.1858736059479553
2208,2209.jpeg,0.15985130111524154
2209,2210.jpeg,0.16728624535315972
2210,2211.jpeg,0.15427509293680286
2211,2212.jpeg,0.12639405204460955
2212,2213.jpeg,0.11895910780669135
2213,2214.jpeg,0.12453531598513
2214,2215.jpeg,0.12639405204460957
2215,2216.jpeg,0.13568773234200732
2216,2217.jpeg,0.13568773234200734
2217,2218.jpeg,0.15613382899628245
2218,2219.jpeg,0.1617100371747211
2219,2220.jpeg,0.14126394052044602
2220,2221.jpeg,0.14312267657992558
2221,2222.jpeg,0.15241635687732336
2222,2223.jpeg,0.1505576208178438
2223,2224.jpeg,0.1710037174721189
2224,2225.jpeg,0.19702602230483265
2225,2226.jpeg,0.17286245353159846
2226,2227.jpeg,0.3643122676579924
2227,2228.jpeg,0.5724907063197024
2228,2229.jpeg,0.47583643122676567
2229,2230.jpeg,0.3104089219330854
2230,2231.jpeg,0.2137546468401486
2231,2232.jpeg,0.2416356877323419
2232,2233.jpeg,0.22676579925650547
2233,2234.jpeg,0.15799256505576198
2234,2235.jpeg,0.14498141263940512
2235,2236.jpeg,0.14869888475836424
2236,2237.jpeg,0.14869888475836424
2237,2238.jpeg,0.14869888475836424
2238,2239.jpeg,0.15613382899628248
2239,2240.jpeg,0.15613382899628248
2240,2241.jpeg,0.15241635687732336
2241,2242.jpeg,0.12639405204460963
2242,2243.jpeg,0.1189591078066914
2243,2244.jpeg,0.1431226765799256
2244,2245.jpeg,0.1840148698884758
2245,2246.jpeg,0.19888475836431221
2246,2247.jpeg,0.1840148698884758
2247,2248.jpeg,0.23048327137546465
2248,2249.jpeg,0.26951672862453524
2249,2250.jpeg,0.3587360594795538
2250,2251.jpeg,0.5353159851301115
2251,2252.jpeg,0.5631970260223047
2252,2253.jpeg,0.4646840148698884
2253,2254.jpeg,0.42936802973977684
2254,2255.jpeg,0.5464684014869887
2255,2256.jpeg,0.4609665427509293
2256,2257.jpeg,0.23048327137546462
2257,2258.jpeg,0.18773234200743488
2258,2259.jpeg,0.24721189591078058
2259,2260.jpeg,0.2769516728624534
2260,2261.jpeg,0.20446096654275087
2261,2262.jpeg,0.17472118959107802
2262,2263.jpeg,0.16914498141263934
2263,2264.jpeg,0.1394052044609665
2264,2265.jpeg,0.13011152416356875
2265,2266.jpeg,0.1672862453531598
2266,2267.jpeg,0.17843866171003714
2267,2268.jpeg,0.14126394052044605
2268,2269.jpeg,0.17286245353159846
2269,2270.jpeg,0.3308550185873605
2270,2271.jpeg,0.39591078066914487
2271,2272.jpeg,0.3903345724907062
2272,2273.jpeg,0.3680297397769516
2273,2274.jpeg,0.3234200743494423
2274,2275.jpeg,0.31412639405204457
2275,2276.jpeg,0.23420074349442374
2276,2277.jpeg,0.21375464684014867
2277,2278.jpeg,0.1245353159851301
2278,2279.jpeg,0.0
2279,2280.jpeg,0.0
2280,2281.jpeg,0.0
2281,2282.jpeg,0.0
2282,2283.jpeg,0.0
2283,2284.jpeg,0.0
2284,2285.jpeg,0.0
2285,2286.jpeg,0.0
2286,2287.jpeg,0.0
2287,2288.jpeg,0.0
2288,2289.jpeg,0.0
2289,2290.jpeg,0.0
2290,2291.jpeg,0.0
2291,2292.jpeg,0.0
2292,2293.jpeg,0.0
2293,2294.jpeg,0.0
2294,2295.jpeg,0.0
2295,2296.jpeg,0.0
2296,2297.jpeg,0.0
2297,2298.jpeg,0.0
2298,2299.jpeg,0.08178438661710036
2299,2300.jpeg,0.22304832713754644
2300,2301.jpeg,0.2286245353159851
2301,2302.jpeg,0.14869888475836426
2302,2303.jpeg,0.14126394052044602
2303,2304.jpeg,0.1858736059479553
2304,2305.jpeg,0.20074349442379175
2305,2306.jpeg,0.20817843866170993
2306,2307.jpeg,0.17843866171003708
2307,2308.jpeg,0.13940520446096646
2308,2309.jpeg,0.14869888475836424
2309,2310.jpeg,0.14684014869888468
2310,2311.jpeg,0.14498141263940512
2311,2312.jpeg,0.14312267657992558
2312,2313.jpeg,0.14312267657992558
2313,2314.jpeg,0.14312267657992556
2314,2315.jpeg,0.13382899628252778
2315,2316.jpeg,0.12639405204460957
2316,2317.jpeg,0.14498141263940512
2317,2318.jpeg,0.2081784386617099
2318,2319.jpeg,0.23977695167286228
2319,2320.jpeg,0.2918215613382898
2320,2321.jpeg,0.507434944237918
2321,2322.jpeg,0.5501858736059477
2322,2323.jpeg,0.3661710037174718
2323,2324.jpeg,0.2713754646840145
2324,2325.jpeg,0.41078066914498107
2325,2326.jpeg,0.4293680297397766
2326,2327.jpeg,0.26022304832713716
2327,2328.jpeg,0.21933085501858696
2328,2329.jpeg,0.22118959107806652
2329,2330.jpeg,0.2100371747211892
2330,2331.jpeg,0.16171003717472082
2331,2332.jpeg,0.13011152416356841
2332,2333.jpeg,0.1356877323420071
2333,2334.jpeg,0.1394052044609662
2334,2335.jpeg,0.14312267657992528
2335,2336.jpeg,0.1468401486988844
2336,2337.jpeg,0.14312267657992528
2337,2338.jpeg,0.15241635687732302
2338,2339.jpeg,0.14869888475836393
2339,2340.jpeg,0.1375464684014866
2340,2341.jpeg,0.13568773234200704
2341,2342.jpeg,0.185873605947955
2342,2343.jpeg,0.2509293680297394
2343,2344.jpeg,0.252788104089219
2344,2345.jpeg,0.32527881040892154
2345,2346.jpeg,0.47026022304832676
2346,2347.jpeg,0.4330855018587357
2347,2348.jpeg,0.29553903345724875
2348,2349.jpeg,0.25650557620817815
2349,2350.jpeg,0.2490706319702599
2350,2351.jpeg,0.19888475836431196
2351,2352.jpeg,0.16542750929368
2352,2353.jpeg,0.17286245353159818
2353,2354.jpeg,0.15985130111524132
2354,2355.jpeg,0.13197026022304797
2355,2356.jpeg,0.14312267657992533
2356,2357.jpeg,0.14498141263940487
2357,2358.jpeg,0.11710037174721157
2358,2359.jpeg,0.12639405204460935
2359,2360.jpeg,0.14312267657992533
2360,2361.jpeg,0.15055762081784357
2361,2362.jpeg,0.148698884758364
2362,2363.jpeg,0.13382899628252756
2363,2364.jpeg,0.1282527881040889
2364,2365.jpeg,0.131970260223048
2365,2366.jpeg,0.15985130111524132
2366,2367.jpeg,0.2007434944237915
2367,2368.jpeg,0.2174721189591075
2368,2369.jpeg,0.3624535315985126
2369,2370.jpeg,0.544609665427509
2370,2371.jpeg,0.5892193308550182
2371,2372.jpeg,0.6189591078066912
2372,2373.jpeg,0.5501858736059477
2373,2374.jpeg,0.353159851301115
2374,2375.jpeg,0.23234200743494401
2375,2376.jpeg,0.21747211895910756
2376,2377.jpeg,0.2044609665427507
2377,2378.jpeg,0.2044609665427507
2378,2379.jpeg,0.18773234200743472
2379,2380.jpeg,0.14498141263940495
2380,2381.jpeg,0.1356877323420072
2381,2382.jpeg,0.1561338289962823
2382,2383.jpeg,0.1691449814126392
2383,2384.jpeg,0.1654275092936801
2384,2385.jpeg,0.161710037174721
2385,2386.jpeg,0.1654275092936801
2386,2387.jpeg,0.16728624535315967
2387,2388.jpeg,0.16356877323420058
2388,2389.jpeg,0.15241635687732327
2389,2390.jpeg,0.27695167286245337
2390,2391.jpeg,0.5929368029739774
2391,2392.jpeg,0.7788104089219328
2392,2393.jpeg,0.7546468401486988
2393,2394.jpeg,0.7509293680297395
2394,2395.jpeg,0.8420074349442377
2395,2396.jpeg,0.8457249070631967
2396,2397.jpeg,0.7026022304832709
2397,2398.jpeg,0.5297397769516725
2398,2399.jpeg,0.4014869888475832
2399,2400.jpeg,0.2750929368029736
2400,2401.jpeg,0.18587360594795505
2401,2402.jpeg,0.1635687732342004
2402,2403.jpeg,0.18215613382899595
2403,2404.jpeg,0.19330855018587326
2404,2405.jpeg,0.15985130111524126
2405,2406.jpeg,0.15799256505576173
2406,2407.jpeg,0.1747211895910777
2407,2408.jpeg,0.19330855018587326
2408,2409.jpeg,0.17657992565055727
2409,2410.jpeg,0.15985130111524126
2410,2411.jpeg,0.16542750929367994
2411,2412.jpeg,0.1710037174721186
2412,2413.jpeg,0.24349442379182118
2413,2414.jpeg,0.481412639405204
2414,2415.jpeg,0.6988847583643119
2415,2416.jpeg,0.7862453531598508
2416,2417.jpeg,0.8252788104089215
2417,2418.jpeg,0.881040892193308
2418,2419.jpeg,0.8903345724907059
2419,2420.jpeg,0.7750929368029738
2420,2421.jpeg,0.6301115241635684
2421,2422.jpeg,0.42379182156133793
2422,2423.jpeg,0.2695167286245349
2423,2424.jpeg,0.2249070631970256
2424,2425.jpeg,0.2007434944237914
2425,2426.jpeg,0.1728624535315981
2426,2427.jpeg,0.169144981412639
2427,2428.jpeg,0.1970260223048323
2428,2429.jpeg,0.18029739776951628
2429,2430.jpeg,0.1486988847583639
2430,2431.jpeg,0.15241635687732302
2431,2432.jpeg,0.14498141263940478
2432,2433.jpeg,0.12267657992565015
2433,2434.jpeg,0.13382899628252748
2434,2435.jpeg,0.14498141263940478
2435,2436.jpeg,0.12639405204460927
2436,2437.jpeg,0.1375464684014866
2437,2438.jpeg,0.15613382899628214
2438,2439.jpeg,0.17657992565055725
2439,2440.jpeg,0.24907063197025986
2440,2441.jpeg,0.29368029739776913
2441,2442.jpeg,0.32899628252788066
2442,2443.jpeg,0.3996282527881037
2443,2444.jpeg,0.42379182156133793
2444,2445.jpeg,0.4256505576208175
2445,2446.jpeg,0.34386617100371714
2446,2447.jpeg,0.21375464684014842
2447,2448.jpeg,0.15613382899628223
2448,2449.jpeg,0.12267657992565026
2449,2450.jpeg,0.12639405204460935
2450,2451.jpeg,0.15055762081784355
2451,2452.jpeg,0.15985130111524132
2452,2453.jpeg,0.16542750929367997
2453,2454.jpeg,0.14498141263940487
2454,2455.jpeg,0.14126394052044577
2455,2456.jpeg,0.13940520446096621
2456,2457.jpeg,0.12081784386617068
2457,2458.jpeg,0.1598513011152413
2458,2459.jpeg,0.1840148698884755
2459,2460.jpeg,0.17286245353159818
2460,2461.jpeg,0.17472118959107774
2461,2462.jpeg,0.2174721189591075
2462,2463.jpeg,0.269516728624535
2463,2464.jpeg,0.3122676579925648
2464,2465.jpeg,0.36802973977695136
2465,2466.jpeg,0.43494423791821535
2466,2467.jpeg,0.5408921933085498
2467,2468.jpeg,0.6226765799256504
2468,2469.jpeg,0.561338289962825
2469,2470.jpeg,0.4535315985130109
2470,2471.jpeg,0.36988847583643103
2471,2472.jpeg,0.24721189591078044
2472,2473.jpeg,0.17843866171003694
2473,2474.jpeg,0.16728624535315958
2474,2475.jpeg,0.16542750929368003
2475,2476.jpeg,0.15613382899628225
2476,2477.jpeg,0.15613382899628228
2477,2478.jpeg,0.1672862453531596
2478,2479.jpeg,0.14312267657992542
2479,2480.jpeg,0.12825278810408897
2480,2481.jpeg,0.14126394052044586
2481,2482.jpeg,0.14869888475836407
2482,2483.jpeg,0.15985130111524137
2483,2484.jpeg,0.17657992565055736
2484,2485.jpeg,0.16542750929368005
2485,2486.jpeg,0.24163568773234173
2486,2487.jpeg,0.2843866171003715
2487,2488.jpeg,0.2806691449814124
2488,2489.jpeg,0.3011152416356874
2489,2490.jpeg,0.2788104089219327
2490,2491.jpeg,0.2602230483271372
2491,2492.jpeg,0.340148698884758
2492,2493.jpeg,0.40706319702602195
2493,2494.jpeg,0.31412639405204423
2494,2495.jpeg,0.24163568773234165
2495,2496.jpeg,0.19702602230483235
2496,2497.jpeg,0.15055762081784352
2497,2498.jpeg,0.12825278810408886
2498,2499.jpeg,0.12825278810408886
2499,2500.jpeg,0.14312267657992528
2500,2501.jpeg,0.13940520446096616
2501,2502.jpeg,0.12267657992565018
2502,2503.jpeg,0.13568773234200704
2503,2504.jpeg,0.16356877323420033
2504,2505.jpeg,0.17843866171003675
2505,2506.jpeg,0.18959107806691405
2506,2507.jpeg,0.18029739776951628
2507,2508.jpeg,0.1394052044609661
2508,2509.jpeg,0.11710037174721147
2509,2510.jpeg,0.17286245353159807
2510,2511.jpeg,0.2695167286245349
2511,2512.jpeg,0.3141263940520442
2512,2513.jpeg,0.2881040892193304
2513,2514.jpeg,0.34944237918215565
2514,2515.jpeg,0.4498141263940515
2515,2516.jpeg,0.3159851301115237
2516,2517.jpeg,0.15241635687732297
2517,2518.jpeg,0.13197026022304786
2518,2519.jpeg,0.14869888475836385
2519,2520.jpeg,0.1542750929368025
2520,2521.jpeg,0.13568773234200698
2521,2522.jpeg,0.1301115241635683
2522,2523.jpeg,0.1301115241635683
2523,2524.jpeg,0.1468401486988843
2524,2525.jpeg,0.1542750929368025
2525,2526.jpeg,0.12639405204460918
2526,2527.jpeg,0.13568773234200698
2527,2528.jpeg,0.1431226765799252
2528,2529.jpeg,0.12453531598512965
2529,2530.jpeg,0.13197026022304786
2530,2531.jpeg,0.13568773234200698
2531,2532.jpeg,0.1301115241635683
2532,2533.jpeg,0.12825278810408874
2533,2534.jpeg,0.12825278810408874
2534,2535.jpeg,0.19702602230483224
2535,2536.jpeg,0.27881040892193265
2536,2537.jpeg,0.3289962825278806
2537,2538.jpeg,0.3903345724907058
2538,2539.jpeg,0.37732342007434894
2539,2540.jpeg,0.3197026022304828
2540,2541.jpeg,0.3866171003717468
2541,2542.jpeg,0.4033457249070628
2542,2543.jpeg,0.29182156133828957
2543,2544.jpeg,0.2397769516728621
2544,2545.jpeg,0.21375464684014833
2545,2546.jpeg,0.18959107806691416
2546,2547.jpeg,0.1635687732342004
2547,2548.jpeg,0.1449814126394049
2548,2549.jpeg,0.13940520446096621
2549,2550.jpeg,0.13011152416356847
2550,2551.jpeg,0.1245353159851298
2551,2552.jpeg,0.15427509293680264
2552,2553.jpeg,0.15055762081784355
2553,2554.jpeg,0.13382899628252753
2554,2555.jpeg,0.16171003717472088
2555,2556.jpeg,0.15241635687732313
2556,2557.jpeg,0.13382899628252756
2557,2558.jpeg,0.14312267657992533
2558,2559.jpeg,0.148698884758364
2559,2560.jpeg,0.18215613382899598
2560,2561.jpeg,0.3011152416356874
2561,2562.jpeg,0.3438661710037171
2562,2563.jpeg,0.29368029739776913
2563,2564.jpeg,0.34200743494423747
2564,2565.jpeg,0.4237918215613378
2565,2566.jpeg,0.3215613382899624
2566,2567.jpeg,0.21003717472118916
2567,2568.jpeg,0.1877323420074345
2568,2569.jpeg,0.15985130111524118
2569,2570.jpeg,0.1672862453531594
2570,2571.jpeg,0.16914498141263898
2571,2572.jpeg,0.15613382899628211
2572,2573.jpeg,0.14684014869888437
2573,2574.jpeg,0.13568773234200704
2574,2575.jpeg,0.13011152416356836
2575,2576.jpeg,0.1375464684014866
2576,2577.jpeg,0.14126394052044566
2577,2578.jpeg,0.13197026022304792
2578,2579.jpeg,0.10780669144981371
2579,2580.jpeg,0.1078066914498137
2580,2581.jpeg,0.1115241635687728
2581,2582.jpeg,0.14869888475836388
2582,2583.jpeg,0.2118959107806687
2583,2584.jpeg,0.3289962825278806
2584,2585.jpeg,0.39962825278810366
2585,2586.jpeg,0.3717472118959103
2586,2587.jpeg,0.36059479553903306
2587,2588.jpeg,0.377323420074349
2588,2589.jpeg,0.35687732342007394
2589,2590.jpeg,0.252788104089219
2590,2591.jpeg,0.2509293680297395
2591,2592.jpeg,0.2379182156133826
2592,2593.jpeg,0.16171003717472093
2593,2594.jpeg,0.16356877323420047
2594,2595.jpeg,0.1747211895910778
2595,2596.jpeg,0.1840148698884756
2596,2597.jpeg,0.18029739776951645
2597,2598.jpeg,0.1840148698884756
2598,2599.jpeg,0.17657992565055738
2599,2600.jpeg,0.1747211895910778
2600,2601.jpeg,0.1747211895910778
2601,2602.jpeg,0.15427509293680275
2602,2603.jpeg,0.14312267657992545
2603,2604.jpeg,0.17472118959107785
2604,2605.jpeg,0.23420074349442357
2605,2606.jpeg,0.2862453531598511
2606,2607.jpeg,0.3308550185873604
2607,2608.jpeg,0.3401486988847581
2608,2609.jpeg,0.33457249070631945
2609,2610.jpeg,0.3513011152416355
2610,2611.jpeg,0.3977695167286243
2611,2612.jpeg,0.42007434944237904
2612,2613.jpeg,0.37732342007434927
2613,2614.jpeg,0.27323420074349425
2614,2615.jpeg,0.22676579925650547
2615,2616.jpeg,0.2732342007434943
2616,2617.jpeg,0.24721189591078058
2617,2618.jpeg,0.1784386617100371
2618,2619.jpeg,0.16914498141263937
2619,2620.jpeg,0.16171003717472116
2620,2621.jpeg,0.1282527881040892
2621,2622.jpeg,0.1394052044609665
2622,2623.jpeg,0.1821561338289962
2623,2624.jpeg,0.17657992565055752
2624,2625.jpeg,0.14312267657992556
2625,2626.jpeg,0.14312267657992556
2626,2627.jpeg,0.14684014869888468
2627,2628.jpeg,0.14126394052044602
2628,2629.jpeg,0.1505576208178438
2629,2630.jpeg,0.16542750929368022
2630,2631.jpeg,0.22676579925650547
2631,2632.jpeg,0.3048327137546467
2632,2633.jpeg,0.35315985130111505
2633,2634.jpeg,0.3271375464684013
2634,2635.jpeg,0.34572490706319686
2635,2636.jpeg,0.4386617100371746
2636,2637.jpeg,0.36617100371747197
2637,2638.jpeg,0.2676579925650556
2638,2639.jpeg,0.22304832713754638
2639,2640.jpeg,0.17100371747211887
2640,2641.jpeg,0.1505576208178438
2641,2642.jpeg,0.15055762081784377
2642,2643.jpeg,0.14684014869888468
2643,2644.jpeg,0.13197026022304825
2644,2645.jpeg,0.16728624535315975
2645,2646.jpeg,0.2546468401486988
2646,2647.jpeg,0.2806691449814125
2647,2648.jpeg,0.21561338289962811
2648,2649.jpeg,0.15799256505576192
2649,2650.jpeg,0.13568773234200732
2650,2651.jpeg,0.14684014869888462
2651,2652.jpeg,0.1598513011152415
2652,2653.jpeg,0.1449814126394051
2653,2654.jpeg,0.15985130111524154
2654,2655.jpeg,0.3531598513011151
2655,2656.jpeg,0.6096654275092934
2656,2657.jpeg,0.5501858736059477
2657,2658.jpeg,0.3680297397769514
2658,2659.jpeg,0.27323420074349425
2659,2660.jpeg,0.19516728624535296
2660,2661.jpeg,0.20817843866170982
2661,2662.jpeg,0.22862453531598492
2662,2663.jpeg,0.22490706319702583
2663,2664.jpeg,0.2026022304832712
2664,2665.jpeg,0.17472118959107788
2665,2666.jpeg,0.16542750929368014
2666,2667.jpeg,0.14498141263940503
2667,2668.jpeg,0.16542750929368014
2668,2669.jpeg,0.16171003717472102
2669,2670.jpeg,0.13568773234200726
2670,2671.jpeg,0.14869888475836412
2671,2672.jpeg,0.15241635687732324
2672,2673.jpeg,0.14498141263940503
2673,2674.jpeg,0.13940520446096638
2674,2675.jpeg,0.16356877323420058
2675,2676.jpeg,0.1654275092936801
2676,2677.jpeg,0.14498141263940503
2677,2678.jpeg,0.15985130111524143
2678,2679.jpeg,0.18773234200743474
2679,2680.jpeg,0.2063197026022303
2680,2681.jpeg,0.2936802973977693
2681,2682.jpeg,0.41821561338289936
2682,2683.jpeg,0.5018587360594793
2683,2684.jpeg,0.5669144981412635
2684,2685.jpeg,0.4758364312267655
2685,2686.jpeg,0.3048327137546466
2686,2687.jpeg,0.22304832713754622
2687,2688.jpeg,0.1468401486988845
2688,2689.jpeg,0.12453531598512986
2689,2690.jpeg,0.15427509293680272
2690,2691.jpeg,0.16356877323420047
2691,2692.jpeg,0.14498141263940495
2692,2693.jpeg,0.1468401486988845
2693,2694.jpeg,0.1635687732342005
2694,2695.jpeg,0.1579925650557618
2695,2696.jpeg,0.17657992565055738
2696,2697.jpeg,0.1672862453531596
2697,2698.jpeg,0.17843866171003692
2698,2699.jpeg,0.22862453531598484
2699,2700.jpeg,0.1877323420074347
2700,2701.jpeg,0.13382899628252762
2701,2702.jpeg,0.1505576208178436
2702,2703.jpeg,0.17843866171003692
2703,2704.jpeg,0.21747211895910754
2704,2705.jpeg,0.29739776951672836
2705,2706.jpeg,0.3494423791821559
2706,2707.jpeg,0.34572490706319675
2707,2708.jpeg,0.42007434944237887
2708,2709.jpeg,0.4869888475836429
2709,2710.jpeg,0.3438661710037173
2710,2711.jpeg,0.20074349442379166
2711,2712.jpeg,0.15799256505576192
2712,2713.jpeg,0.12453531598512999
2713,2714.jpeg,0.15427509293680283
2714,2715.jpeg,0.15427509293680286
2715,2716.jpeg,0.14498141263940506
2716,2717.jpeg,0.16914498141263926
2717,2718.jpeg,0.14684014869888462
2718,2719.jpeg,0.13197026022304817
2719,2720.jpeg,0.16728624535315972
2720,2721.jpeg,0.16542750929368016
2721,2722.jpeg,0.12825278810408908
2722,2723.jpeg,0.10594795539033444
2723,2724.jpeg,0.10966542750929356
2724,2725.jpeg,0.13754646840148688
2725,2726.jpeg,0.15427509293680283
2726,2727.jpeg,0.18587360594795524
2727,2728.jpeg,0.25650557620817827
2728,2729.jpeg,0.31598513011152407
2729,2730.jpeg,0.30855018587360583
2730,2731.jpeg,0.33457249070631967
2731,2732.jpeg,0.42193308550185865
2732,2733.jpeg,0.43866171003717463
2733,2734.jpeg,0.31226765799256495
2734,2735.jpeg,0.2379182156133828
2735,2736.jpeg,0.2267657992565055
2736,2737.jpeg,0.17657992565055755
2737,2738.jpeg,0.16171003717472113
2738,2739.jpeg,0.1505576208178438
2739,2740.jpeg,0.17286245353159846
2740,2741.jpeg,0.1710037174721189
2741,2742.jpeg,0.15055762081784377
2742,2743.jpeg,0.17286245353159843
2743,2744.jpeg,0.18215613382899618
2744,2745.jpeg,0.16356877323420066
2745,2746.jpeg,0.1394052044609665
2746,2747.jpeg,0.13197026022304825
2747,2748.jpeg,0.1338289962825278
2748,2749.jpeg,0.14869888475836426
2749,2750.jpeg,0.1877323420074349
2750,2751.jpeg,0.21561338289962823
2751,2752.jpeg,0.2379182156133829
2752,2753.jpeg,0.395910780669145
2753,2754.jpeg,0.6301115241635689
2754,2755.jpeg,0.7267657992565055
2755,2756.jpeg,0.7174721189591078
2756,2757.jpeg,0.6133828996282529
2757,2758.jpeg,0.3884758364312268
2758,2759.jpeg,0.221189591078067
2759,2760.jpeg,0.2007434944237919
2760,2761.jpeg,0.18773234200743502
2761,2762.jpeg,0.15241635687732352
2762,2763.jpeg,0.13382899628252798
2763,2764.jpeg,0.13197026022304842
2764,2765.jpeg,0.11895910780669153
2765,2766.jpeg,0.13011152416356883
2766,2767.jpeg,0.15055762081784393
2767,2768.jpeg,0.12639405204460974
2768,2769.jpeg,0.15241635687732347
2769,2770.jpeg,0.17286245353159857
2770,2771.jpeg,0.14498141263940528
2771,2772.jpeg,0.1282527881040893
2772,2773.jpeg,0.12267657992565063
2773,2774.jpeg,0.1598513011152417
2774,2775.jpeg,0.24163568773234212
2775,2776.jpeg,0.3364312267657993
2776,2777.jpeg,0.4237918215613384
2777,2778.jpeg,0.4107806691449815
2778,2779.jpeg,0.5892193308550187
2779,2780.jpeg,0.7527881040892195
2780,2781.jpeg,0.6059479553903349
2781,2782.jpeg,0.3810408921933088
2782,2783.jpeg,0.22118959107806715
2783,2784.jpeg,0.23420074349442402
2784,2785.jpeg,0.20446096654275117
2785,2786.jpeg,0.14869888475836457
2786,2787.jpeg,0.13940520446096677
2787,2788.jpeg,0.14312267657992592
2788,2789.jpeg,0.16542750929368055
2789,2790.jpeg,0.15985130111524187
2790,2791.jpeg,0.146840148698885
2791,2792.jpeg,0.15055762081784413
2792,2793.jpeg,0.15427509293680325
2793,2794.jpeg,0.146840148698885
2794,2795.jpeg,0.14312267657992592
2795,2796.jpeg,0.13940520446096683
2796,2797.jpeg,0.146840148698885
2797,2798.jpeg,0.18959107806691475
2798,2799.jpeg,0.22490706319702627
2799,2800.jpeg,0.22676579925650583
2800,2801.jpeg,0.22118959107806718
2801,2802.jpeg,0.2527881040892196
2802,2803.jpeg,0.34572490706319725
2803,2804.jpeg,0.41263940520446124
2804,2805.jpeg,0.37918215613382933
2805,2806.jpeg,0.24907063197026055
2806,2807.jpeg,0.1747211895910784
2807,2808.jpeg,0.1542750929368033
2808,2809.jpeg,0.143122676579926
2809,2810.jpeg,0.17657992565055794
